dataset,generator,label,family,dp,epsilon,seed,params,n_train,n_holdout,m,univariate_mean,bivariate_mean,pmse,pmse_ratio,cindex_tstr,cindex_trtr,ibs_tstr,ibs_trtr,cindex_gap,km_tau,km_mean_abs_diff,km_max_abs_diff,rmst_real,rmst_syn,rmst_diff,median_real,median_syn,logrank_p,ci_overlap_mean,ci_overlap_min,sign_agree_pct,sign_agree_sig_pct,signif_agree_pct,decisions_changed,abs_std_diff_mean,terms_not_estimable,comb_ci_overlap_mean,comb_ci_overlap_min,comb_sign_agree_pct,comb_sign_agree_sig_pct,comb_signif_agree_pct,comb_decisions_changed,comb_abs_std_diff_mean,comb_terms_not_estimable,exact_match_rate,dcr_share_train,dcr_share_excess,dcr_median_train,dcr_median_holdout,nndr_median,mia_dist_auc,mia_dist_tpr@10fpr,mia_dist_advantage,mia_dens_auc,mia_dens_tpr@10fpr,mia_dens_advantage,singling_out_risk,singling_out_risk_hi,linkability_risk,linkability_risk_hi,inference_horTh_risk,inference_tgrade_risk,inference_risk,inference_risk_hi,verdict,privacy_level,utility_level,fit_seconds,total_seconds,inference_chf_risk,inference_cvd_risk,inference_flc_grp_risk,inference_sex_risk,inference_celltype_risk,inference_prior_therapy_risk
flchain,bootstrap,bootstrap,control,False,,0,{},1000,1000,5,0.015299999999999998,0.02477626015644711,0.0010315468009065949,0.9169304896947511,0.7921482865514459,0.7895961611958044,0.09663530989598595,0.09719603622068226,-0.0025521253556414214,4922.0,0.009728496168050603,0.021810851765278527,4025.850184905734,4071.117896947923,45.26771204218903,inf,inf,0.48541116878389823,0.5777161153269441,0.37210398408054823,66.66666666666666,100.0,66.66666666666666,0.0,4.278943973355285,0.0,0.8430232725583323,0.5000854746025648,83.33333333333334,100.0,100.0,0.0,2.4341392911934974,0.0,1.0,1.0,0.5,0.0,0.0077573179027552175,0.0,0.805241,0.643,0.623,0.580544,0.178,0.13200000000000006,0.787890353330565,0.8543169950492209,0.6017949611697254,0.6991866424262289,,,0.602985530343886,0.74262814018183,rojo,rojo,verde,0.012156785000115633,5.925353147000351,,,0.5893610890482694,0.602985530343886,,
flchain,bootstrap,bootstrap,control,False,,1,{},1000,1000,5,0.0205,0.02595656056332733,0.0017297064119523664,1.5375168106243258,0.808910499044148,0.807041371998859,0.09532392043065831,0.09502791064557853,-0.0018691270452890762,4926.0,0.0040301800901711695,0.0111177207336155,4051.6627315084124,4048.565658275846,-3.097073232566345,inf,inf,0.7601534046455591,0.7332266515156096,0.581345675823592,83.33333333333334,100.0,50.0,0.0,0.9925503155500363,0.0,0.8414042493496497,0.5007006051301642,100.0,100.0,100.0,0.0,0.9491838031283327,0.0,1.0,1.0,0.5,0.0,0.007507143524893487,0.0,0.822225,0.665,0.632,0.606784,0.14,0.17799999999999994,0.7358602069193847,0.810633019278312,0.5094580458154111,0.6375738896880253,,,0.5632937231524598,0.7003186729434621,rojo,rojo,verde,0.017183402000227943,3.2069810680004593,,,0.5632937231524598,0.5448505141966211,,
flchain,bootstrap,bootstrap,control,False,,2,{},1000,1000,5,0.017899999999999992,0.025723837562054343,0.0007322888866312312,0.6509234547833167,0.7719921370780639,0.776931773122643,0.10405165883481406,0.10160953283445164,0.004939636044579143,4921.0,0.007479381707447198,0.021089710090056557,4041.434857548842,4075.4191907745353,33.98433322569326,inf,inf,0.8689263018893103,0.7328822211466305,0.3341944992559275,83.33333333333334,100.0,100.0,0.0,1.1082104147590912,0.0,0.8826356054301492,0.7380854848201037,100.0,100.0,83.33333333333334,1.0,0.16497032110896132,0.0,1.0,1.0,0.5,0.0,0.008187819276172532,0.0,0.827229,0.676,0.624,0.6095519999999999,0.146,0.17199999999999993,0.7247272407417381,0.8004750117210621,0.6969327328874787,0.7802718333666081,,,0.6564735381124486,0.776585155816751,rojo,rojo,verde,0.0154630859997269,4.072972078999555,,,0.6110633513568952,0.6564735381124486,,
flchain,bootstrap,bootstrap,control,False,,3,{},1000,1000,5,0.017800000000000003,0.02123120053129001,0.000862702754879735,0.7668468932264312,0.7977769003129153,0.7982481838600245,0.09385474334905547,0.09374804803240239,0.0004712835471092358,4925.0,0.002248215757585567,0.011099031645753432,4030.9076727595093,4024.9870506531274,-5.92062210638187,inf,inf,0.9790036673348532,0.8847952263457465,0.7697348350259323,100.0,100.0,83.33333333333334,1.0,0.4249086171228083,0.0,0.634738442851762,0.401665125273054,100.0,100.0,50.0,2.0,1.7207304376816894,0.0,1.0,1.0,0.5,0.0,0.007158559622109956,0.0,0.829882,0.667,0.643,0.596796,0.168,0.17200000000000004,0.7282134551264625,0.8028466237561349,0.7025226197327002,0.7868909446586494,,,0.7425684283567042,0.8456663949744846,rojo,rojo,ámbar,0.011660372000733332,3.770532137000373,,,0.7098396581639304,0.7425684283567042,,
flchain,bootstrap,bootstrap,control,False,,4,{},1000,1000,5,0.0221,0.022173599294173216,0.0010480107670779114,0.9315651262914769,0.7976743408961807,0.7991362314966418,0.09917486793889553,0.09875710088285809,0.001461890600461091,4921.1,0.007081989577207637,0.020848339392772863,4058.3144365922,4088.770457889171,30.456021296971358,inf,inf,0.6944471987221394,0.7568621565017972,0.5002608537941475,100.0,100.0,100.0,0.0,4.124646722097061,0.0,0.8378901062415954,0.5003490772421103,100.0,100.0,83.33333333333334,1.0,1.6347640553762754,0.0,1.0,1.0,0.5,0.0,0.00859829710943459,0.0,0.814674,0.665,0.638,0.614448,0.158,0.19399999999999995,0.7564632029521267,0.8257948856260737,0.6542450953421948,0.7500596584997268,,,0.7210447057956404,0.8286273594375123,rojo,rojo,verde,0.033243451999624085,4.766257307999695,,,0.5727268993035717,0.7210447057956404,,
flchain,bootstrap,bootstrap,control,False,,5,{},1000,1000,5,0.0182,0.02189497283523785,0.000676175472860783,0.6010448647651404,0.8062947248432651,0.8112933527536783,0.0941889374347399,0.09286275135105507,0.004998627910413167,4919.0,0.009364003417963599,0.01850301641483043,4033.070464739282,3987.0837536995023,-45.98671103977995,inf,inf,0.5792922137481216,0.7949422057047011,0.6181610131743454,100.0,100.0,83.33333333333334,0.0,0.8049718916825862,0.0,0.8427213940249049,0.700181777941701,100.0,100.0,100.0,0.0,0.5692289992979634,0.0,1.0,1.0,0.5,0.0,0.008052516851047981,0.0,0.811261,0.665,0.634,0.597384,0.146,0.16600000000000004,0.7259606544459924,0.7987881287935982,0.6766448779745516,0.7651222024190839,,,0.6739821316735648,0.7604499799219318,rojo,rojo,verde,0.013096281999423809,3.7829077599999437,,,0.6739821316735648,0.6309784568949606,,
flchain,bootstrap,bootstrap,control,False,,6,{},1000,1000,5,0.024200000000000003,0.022633513423933275,0.0012158168258930063,1.0807260674604502,0.8183254609236496,0.81684597878431,0.09223394046659403,0.09216116612172302,-0.0014794821393395718,4920.1,0.019371223161225738,0.04221782863733281,4034.6520279833867,4129.7806129490955,95.1285849657088,inf,inf,0.10955360988769919,0.7874375344410979,0.3759869807538634,83.33333333333334,100.0,66.66666666666666,1.0,0.8898917070473146,0.0,0.8640880230422773,0.6932488487693205,100.0,100.0,83.33333333333334,1.0,0.4637408844742173,0.0,1.0,1.0,0.5,0.0,0.007346218959847066,0.0,0.792225,0.647,0.616,0.58704,0.156,0.14200000000000002,0.7991914341788932,0.8616642243155896,0.5436464186785147,0.6541892657438853,,,0.5836838557834763,0.6865826071386866,rojo,rojo,ámbar,0.03604665499915427,4.1646730009997555,,,0.5836838557834763,0.5299059524389462,,
flchain,bootstrap,bootstrap,control,False,,7,{},1000,1000,5,0.017800000000000003,0.03053033226514036,0.0010814891198931344,0.9613236621272306,0.7996652846981857,0.8026489842320355,0.09749809974660528,0.09693937686012366,0.002983699533849804,4922.0,0.005461943263434092,0.012389649350914689,4056.2366276023195,4058.4894672578703,2.2528396555508152,inf,inf,0.7953396973176527,0.7177969803646603,0.5451441071063173,66.66666666666666,100.0,83.33333333333334,0.0,1.1627478400406304,0.0,0.8258109258614478,0.6216026447186306,83.33333333333334,100.0,66.66666666666666,1.0,0.6022029334649591,0.0,1.0,1.0,0.5,0.0,0.0077892254029498925,0.0,0.8068379999999999,0.667,0.63,0.6082839999999999,0.174,0.202,0.7686642223545802,0.8364908798923238,0.6345552973381089,0.7369345390627547,,,0.6531766073137817,0.7722515306462592,rojo,rojo,verde,0.01640860400038946,4.3670568520001325,,,0.5206607567902432,0.6531766073137817,,
flchain,bootstrap,bootstrap,control,False,,8,{},1000,1000,5,0.017500000000000005,0.02305625775360825,0.0007717888896296743,0.6860345685597106,0.792177427154866,0.794317890319135,0.0977237371169572,0.0979969091813046,0.0021404631642689687,4922.0,0.004034720559414003,0.012038329047651675,4047.275404862716,4041.197861012611,-6.07754385010503,inf,inf,0.7387415176529202,0.7745441785423107,0.45382893676596847,83.33333333333334,100.0,83.33333333333334,0.0,0.8900436554602904,0.0,0.8556736212497911,0.7937319170570912,100.0,100.0,83.33333333333334,0.0,0.44618202994773976,0.0,1.0,1.0,0.5,0.0,0.008463099866415831,0.0,0.8095810000000001,0.663,0.623,0.6095039999999999,0.194,0.18000000000000005,0.7488851729195303,0.8169844031281721,0.618694994786657,0.7182673652003703,,,0.6215712876050503,0.7462221902128187,rojo,rojo,verde,0.011670630000480742,11.95334268500028,,,0.585349666756714,0.6215712876050503,,
flchain,bootstrap,bootstrap,control,False,,9,{},1000,1000,5,0.022699999999999998,0.02243091720219564,0.0013438407275501983,1.194525091155732,0.8000465815494717,0.8001439793347308,0.09696582725683286,0.09606238311768234,9.739778525907905e-05,4919.0,0.01508848804907203,0.035648269537380095,4042.986568305245,3987.1635034535907,-55.82306485165418,inf,inf,0.19865523009048483,0.8622830450372739,0.6775319327574392,100.0,100.0,100.0,0.0,0.5602190477176179,0.0,0.911160222536473,0.8339945206297892,100.0,100.0,100.0,0.0,0.3304443965442579,0.0,1.0,1.0,0.5,0.0,0.00819085905816518,0.0,0.812946,0.654,0.624,0.59304,0.178,0.14,0.7399920686841602,0.8096750786379229,0.6375043172833658,0.7388935552794397,,,0.7393023287674226,0.8465660563182333,rojo,rojo,verde,0.012837815000239061,3.7547109320003074,,,0.5686696314892508,0.7393023287674226,,
flchain,cart,cart,estadístico,False,,0,{},1000,1000,5,0.0163,0.030264157733202932,0.0005628552820927332,0.5003158063046518,0.7914136481379251,0.7895961611958044,0.09770063485343546,0.09719603622068226,-0.001817486942120694,4922.0,0.011213858974937234,0.019934725388713992,4025.850184905734,4081.1696734693223,55.31948856358849,inf,inf,0.45460001450459187,0.6223631807470547,0.463040930484884,83.33333333333334,100.0,50.0,0.0,1.5704702458936886,0.0,0.7504406774506841,0.5002423739471183,66.66666666666666,100.0,66.66666666666666,0.0,1.2634481861500462,0.0,0.006,0.594,0.09399999999999997,0.0064270196015063785,0.00780196465143762,0.7192081848922144,0.5480295,0.163,0.08500000000000002,0.516656,0.154,0.054000000000000006,0.7736123529498904,0.8385760877976054,0.10109104592746763,0.29036619053430235,,,0.296961981883609,0.4755447002031614,rojo,rojo,verde,0.051902262999647064,3.942690522999328,,,0.04382097601903797,0.296961981883609,,
flchain,cart,cart,estadístico,False,,1,{},1000,1000,5,0.0195,0.019947629621365447,0.0010395712366738472,0.9240633214878642,0.809225568295518,0.807041371998859,0.09505448772594798,0.09502791064557853,-0.0021841962966590023,4926.0,0.012515450836437077,0.02738093292968735,4051.6627315084124,4111.536409665131,59.8736781567186,inf,inf,0.6267264475322618,0.7477385281105381,0.4037487539757394,83.33333333333334,100.0,66.66666666666666,0.0,1.0999468246897823,0.0,0.8404904797581967,0.6623252278128476,83.33333333333334,100.0,83.33333333333334,0.0,0.6610000296474315,0.0,0.01,0.631,0.131,0.005362586667031797,0.006933662013895614,0.6710655660386009,0.576599,0.183,0.10799999999999998,0.525684,0.106,0.07800000000000007,0.7411033808765177,0.8128876762377584,0.29379164253889145,0.4476713424969616,,,0.20708523872393195,0.4047547706815524,rojo,rojo,verde,0.052255392000006395,3.53185572700022,,,0.07467103893497289,0.20708523872393195,,
flchain,cart,cart,estadístico,False,,2,{},1000,1000,5,0.021699999999999994,0.02419307859257238,0.0015298087219393932,1.3598299750572385,0.7785684757573968,0.776931773122643,0.10066732072818475,0.10160953283445164,-0.001636702634753795,4921.0,0.0034028189327207194,0.010197948840949933,4041.434857548842,4049.9689209604867,8.534063411644638,inf,inf,0.8813143286693849,0.7130027156617681,0.4268634093613657,100.0,100.0,50.0,1.0,1.051773314663799,0.0,0.8679074661095841,0.7478907908269465,100.0,100.0,66.66666666666666,1.0,0.5202272549455322,0.0,0.007,0.623,0.123,0.005900595795924151,0.007680274369724013,0.6953932905833978,0.5868385,0.218,0.14600000000000002,0.5428999999999999,0.086,0.10399999999999998,0.7306442012938358,0.8071276630612679,0.28715446002928696,0.43428854660421246,,,0.08983488800697062,0.3230769351954462,rojo,rojo,ámbar,0.09711332599999878,3.720326142999511,,,0.06205363587834251,0.08983488800697062,,
flchain,cart,cart,estadístico,False,,3,{},1000,1000,5,0.0254,0.023922473936021607,0.0016663740235900253,1.4812213543022448,0.797377795327075,0.7982481838600245,0.09474774758433072,0.09374804803240239,0.0008703885329495176,4925.0,0.015599932779995322,0.029915273183751978,4030.9076727595093,3953.8846783133886,-77.02299444612072,inf,inf,0.35893945769720226,0.6477356861824379,0.41017782118602664,83.33333333333334,100.0,50.0,2.0,1.2988364924434368,0.0,0.15595193061473306,0.0,50.0,50.0,66.66666666666666,2.0,11.843768023462667,0.0,0.008,0.627,0.127,0.006239184503710445,0.008649540621034343,0.6945224193752318,0.5788340000000001,0.187,0.11599999999999999,0.5128,0.096,0.05799999999999994,0.7643514943705643,0.8336192248150176,0.3155406585050375,0.46470768424625974,,,0.19591279806309805,0.3756282710805203,rojo,rojo,rojo,0.10755840000001626,3.620194574999914,,,0.19591279806309805,0.1896319182523884,,
flchain,cart,cart,estadístico,False,,4,{},1000,1000,5,0.023200000000000002,0.02217989655833339,0.0012299554150901294,1.0932937023023372,0.8005396464730845,0.7991362314966418,0.0988913817323404,0.09875710088285809,-0.0014034149764426962,4921.1,0.01499817182415282,0.02972956157953055,4058.3144365922,4132.33969884252,74.02526225032034,inf,inf,0.30300260039823845,0.6875387254632996,0.4137334642767474,100.0,100.0,50.0,2.0,1.1543895974815703,0.0,0.6352682796263104,0.3872150404226304,100.0,100.0,33.33333333333333,2.0,1.8736071780805341,0.0,0.004,0.616,0.11599999999999999,0.006342502209953976,0.007892022994494796,0.6859866545842872,0.546936,0.169,0.08399999999999996,0.522472,0.11,0.07400000000000007,0.7733822482628645,0.8408981852857255,0.039246186944909445,0.2295377548739392,,,0.2134461333389928,0.3259686103418363,rojo,rojo,rojo,0.11230238400003145,4.191636032999668,,,0.2134461333389928,0.08609489024425555,,
flchain,cart,cart,estadístico,False,,5,{},1000,1000,5,0.0251,0.021587394354249934,0.0019762483753295824,1.7566652225151844,0.810655858822536,0.8112933527536783,0.09403643745622715,0.09286275135105507,0.0006374939311423189,4919.0,0.021553057167865312,0.05701510322782111,4033.070464739282,3927.016174680312,-106.05429005897031,inf,inf,0.06615732924323639,0.7348674118999025,0.5315018621665988,100.0,100.0,66.66666666666666,0.0,0.9910925092139018,0.0,0.760455762240506,0.49655543997237295,83.33333333333334,100.0,100.0,0.0,0.9861135116490009,0.0,0.009,0.624,0.124,0.006780751309441561,0.008664134235581428,0.7159202950275471,0.551229,0.182,0.10599999999999998,0.5474159999999999,0.14,0.09400000000000003,0.7299236570987412,0.8040113749730492,0.28591664983414244,0.4368366491935336,,,0.23009470969325763,0.42455889660628,rojo,rojo,verde,0.09836717599955591,3.5542366460003905,,,0.20011330785650844,0.23009470969325763,,
flchain,cart,cart,estadístico,False,,6,{},1000,1000,5,0.025999999999999995,0.026767329947895938,0.0014973699084923396,1.330995474215413,0.8174495069091396,0.81684597878431,0.09239586121891383,0.09216116612172302,-0.0006035281248296664,4920.1,0.008378517417901238,0.022316674219347243,4034.6520279833867,4071.8928084437634,37.240780460376754,inf,inf,0.7976976865632879,0.7637615673999223,0.5167899865466925,100.0,100.0,83.33333333333334,1.0,0.8051442584260556,0.0,0.6950703173473206,0.5004891830169679,83.33333333333334,100.0,66.66666666666666,1.0,1.577581752920431,0.0,0.005,0.607,0.10699999999999998,0.0058718060121196215,0.007892422893359388,0.6796262418352716,0.561322,0.181,0.099,0.5416040000000001,0.112,0.09000000000000002,0.7848036637675966,0.8497162446055697,0.2431708064786536,0.4049343593289568,,,0.1979746545890726,0.3897532659781856,rojo,rojo,ámbar,0.13012080199951015,3.963557230000333,,,0.1250688491765378,0.1979746545890726,,
flchain,cart,cart,estadístico,False,,7,{},1000,1000,5,0.0347,0.023633292252832415,0.0022496142818754826,1.9996571394448737,0.7967999188568965,0.8026489842320355,0.09948425775718829,0.09693937686012366,0.005849065375138962,4922.0,0.01307285109591839,0.02983608920534231,4056.2366276023195,3993.1076724192685,-63.12895518305095,inf,inf,0.3411854777692647,0.6574212669418402,0.5418546823141875,50.0,100.0,83.33333333333334,1.0,1.4756390697619952,0.0,0.740751311756256,0.5747432554264378,50.0,100.0,83.33333333333334,1.0,1.1912446516621176,0.0,0.008,0.612,0.11199999999999999,0.006798776270123414,0.009487453900618496,0.6982638416942537,0.549207,0.194,0.10300000000000001,0.5250319999999999,0.134,0.06000000000000005,0.7722878345732657,0.8376839029182733,0.02754296648802109,0.20644077318284426,,,0.2576279437525974,0.42626256654663264,rojo,rojo,ámbar,0.05237752200082468,3.958725377000519,,,0.08764195203807586,0.2576279437525974,,
flchain,cart,cart,estadístico,False,,8,{},1000,1000,5,0.018699999999999994,0.02440570696257163,0.0014712082863382865,1.3077406989673659,0.7941160391759428,0.794317890319135,0.09773417103718879,0.0979969091813046,0.0002018511431922665,4922.0,0.011326728115111942,0.025655759117709453,4047.275404862716,3996.2701983379025,-51.00520652481373,inf,inf,0.9297867797634161,0.08647306009009192,0.0,50.0,100.0,16.666666666666664,0.0,1049.5120496469535,0.0,0.17128322058057366,0.0,33.33333333333333,100.0,50.0,0.0,213.62667815585579,0.0,0.004,0.643,0.14300000000000002,0.006017898177563204,0.007837458551476308,0.6927040470167534,0.552379,0.169,0.08499999999999996,0.555456,0.14,0.118,0.753292434914687,0.8211946261120887,0.09811546736227328,0.2824768847183856,,,0.22845771715162355,0.41457768798733813,rojo,rojo,rojo,0.06528236099984497,12.40136935099963,,,0.13896538797393085,0.22845771715162355,,
flchain,cart,cart,estadístico,False,,9,{},1000,1000,5,0.020999999999999998,0.02428679215066153,0.0008445502979854507,0.7507113759870673,0.7994791335831798,0.8001439793347308,0.09660101635973892,0.09606238311768234,0.0006648457515510131,4919.0,0.01591147885819503,0.032170668646357425,4042.986568305245,3964.861683804148,-78.12488450109686,inf,inf,0.21536957848434035,0.5269305444002085,0.15744138157072224,83.33333333333334,100.0,50.0,1.0,1.7567173786112547,0.0,0.43875371503118776,0.0,66.66666666666666,100.0,50.0,2.0,61.490214757178926,0.0,0.005,0.622,0.122,0.006457841670236538,0.00917960156291003,0.6928940595035935,0.5847930000000001,0.197,0.137,0.5430079999999999,0.098,0.09399999999999997,0.7472792423838219,0.8183361393617165,0.21116274307482819,0.3733508818206641,,,0.18715709390785468,0.3129548097195187,rojo,rojo,ámbar,0.1112483560000328,4.742294793000838,,,0.18715709390785468,0.092037883877303,,
flchain,copula,copula,estadístico,False,,0,{},1000,1000,5,0.018799999999999997,0.06222508958513205,0.0007251371087935971,0.6445663189276419,0.7915495350121025,0.7895961611958044,0.10610950637800248,0.09719603622068226,-0.0019533738162980097,4922.0,0.038966013665739194,0.1057292870150105,4025.850184905734,4183.236475290413,157.38629038467934,inf,4976.0,0.38288777387771156,0.6654761252637876,0.0,100.0,100.0,66.66666666666666,0.0,1.876766028573706,0.0,0.6033478678830928,0.0,100.0,100.0,66.66666666666666,0.0,2.2529377138629023,0.0,0.0,0.473,-0.027000000000000024,0.016155166853750014,0.01596862825788297,0.8235962388685023,0.49180899999999994,0.116,0.019000000000000003,0.49298400000000003,0.148,0.06399999999999999,0.02117290152586572,0.07711964985015243,0.014606992006346017,0.14968884506696029,,,0.0,0.21209679329642395,verde,verde,verde,0.023008080999716185,3.519724529999621,,,0.0,0.0,,
flchain,copula,copula,estadístico,False,,1,{},1000,1000,5,0.019799999999999995,0.05898520761671933,0.0008976616863540178,0.7979214989813492,0.8046017141470352,0.807041371998859,0.1082816843137351,0.09502791064557853,0.002439657851823762,4926.0,0.0535148695559855,0.0909888131549943,4051.6627315084124,4307.688839910634,256.0261084022213,inf,inf,0.29025874647668537,0.4503437326576562,0.0,50.0,100.0,66.66666666666666,0.0,2.604958348596219,0.0,0.6445130723016871,0.0,83.33333333333334,100.0,66.66666666666666,0.0,1.9679166579792886,0.0,0.0,0.483,-0.017000000000000015,0.015035980012523598,0.014335632533367865,0.8237118087116724,0.5058929999999999,0.097,0.02300000000000002,0.491904,0.066,0.03600000000000003,0.06881192995906356,0.13014712356944097,0.0,0.06460782315193132,,,0.019747140575509095,0.132860649141346,ámbar,verde,ámbar,0.045808634999957576,3.5775107629997365,,,0.019747140575509095,0.0,,
flchain,copula,copula,estadístico,False,,2,{},1000,1000,5,0.018000000000000006,0.06410403992780307,0.00063956537886942,0.5685025589950401,0.7791716934810303,0.776931773122643,0.11129451808100085,0.10160953283445164,-0.0022399203583872707,4921.0,0.04765855079696601,0.08108775698474469,4041.434857548842,4263.583610998861,222.14875345001929,inf,inf,0.5942112073730441,0.5589049808458117,0.0,66.66666666666666,100.0,66.66666666666666,1.0,2.0412918310415518,0.0,0.5962649121390583,0.0,100.0,100.0,66.66666666666666,1.0,1.729494101650947,0.0,0.0,0.505,0.0050000000000000044,0.015063208483876787,0.014681366800117869,0.8267088590168042,0.519545,0.097,0.04500000000000004,0.509308,0.088,0.05800000000000005,0.03785405791076401,0.1026456285582884,0.007523281014452162,0.14889726825395747,,,0.050339562558533835,0.21420264018183874,ámbar,verde,ámbar,0.04605230800007121,3.1285065370002485,,,0.050339562558533835,0.0,,
flchain,copula,copula,estadístico,False,,3,{},1000,1000,5,0.024100000000000003,0.0661354391434975,0.0016458984798092642,1.4630208709415682,0.8021288429776628,0.7982481838600245,0.10727385720845208,0.09374804803240239,-0.003880659117638352,4925.0,0.052772072913792246,0.09028609533457266,4030.9076727595093,4288.768159958883,257.8604871993739,inf,inf,0.05790829481390544,0.5147353070417297,0.0,66.66666666666666,100.0,66.66666666666666,2.0,2.8867491667745173,0.0,0.5142605691807749,0.0,66.66666666666666,100.0,66.66666666666666,2.0,3.483068367359478,0.0,0.0,0.525,0.025000000000000022,0.015401972576592272,0.015568331656579462,0.8071343592158853,0.5166919999999999,0.093,0.043999999999999984,0.48835599999999996,0.096,0.041999999999999926,0.016135909156093493,0.07700019731297163,0.0,0.1028285777122078,,,0.06878407846536679,0.19497647308627644,ámbar,verde,rojo,0.023897483999462565,3.239722470999368,,,0.06878407846536679,0.0,,
flchain,copula,copula,estadístico,False,,4,{},1000,1000,5,0.0206,0.059499357565708795,0.0008076167939843809,0.7178815946527831,0.7903732415544492,0.7991362314966418,0.11291860390461655,0.09875710088285809,0.0087629899421926,4921.1,0.04407032774425826,0.07921746140737762,4058.3144365922,4256.3731865572745,198.05874996507464,inf,5004.0,0.8858671583183746,0.4001168117431426,0.0,83.33333333333334,66.66666666666666,50.0,1.0,2.985890131337562,0.0,0.4518198604506269,0.0,83.33333333333334,66.66666666666666,50.0,2.0,2.9748184574863177,0.0,0.0,0.478,-0.02200000000000002,0.016509977122439373,0.01645604639156923,0.8145075797230803,0.48346500000000003,0.093,0.013000000000000012,0.513312,0.1,0.06000000000000005,0.05237775924534073,0.10856147010160211,0.0,0.13013917106754125,,,0.0612740533708277,0.256668336587936,ámbar,verde,ámbar,0.043331462000423926,3.701131912999699,,,0.01961800739224707,0.0612740533708277,,
flchain,copula,copula,estadístico,False,,5,{},1000,1000,5,0.023399999999999997,0.07191783672840614,0.0014710687981155871,1.3076167094360776,0.8097017288328795,0.8112933527536783,0.10090788637226294,0.09286275135105507,0.0015916239207988125,4919.0,0.02323589490609076,0.12635430712971174,4033.070464739282,4095.1329487909934,62.06248405171118,inf,4983.0,0.10007737780026905,0.5109524106836355,0.0,83.33333333333334,100.0,66.66666666666666,1.0,2.715784032755493,0.0,0.5296516574534673,0.0,83.33333333333334,100.0,66.66666666666666,1.0,2.685556064956162,0.0,0.0,0.501,0.0010000000000000009,0.01686200748140232,0.017001936674947704,0.8085970495635411,0.487557,0.1,0.017000000000000015,0.510784,0.114,0.04799999999999999,0.048934125200863175,0.11633233893012071,0.041689616392179295,0.16589347348841935,,,0.0,0.14681999562658532,ámbar,verde,ámbar,0.052283999999417574,3.551050068999757,,,0.0,0.0,,
flchain,copula,copula,estadístico,False,,6,{},1000,1000,5,0.015700000000000002,0.05060253880737022,0.000865963069088526,0.7697449503009121,0.8192097972732264,0.81684597878431,0.1027289389648654,0.09216116612172302,-0.002363818488916425,4920.1,0.03236094187329635,0.09492581142052547,4034.6520279833867,4172.185781434674,137.53375345128734,inf,inf,0.5762132870146726,0.5685109755164909,0.0,83.33333333333334,100.0,66.66666666666666,1.0,2.2135675159929016,0.0,0.5992636201776432,0.0,66.66666666666666,100.0,83.33333333333334,1.0,2.13990693017851,0.0,0.0,0.501,0.0010000000000000009,0.01591635346895047,0.015983562680816903,0.8094914172073719,0.5043059999999999,0.1,0.041000000000000036,0.51276,0.118,0.04600000000000004,0.06318425606966013,0.12230821821658358,0.0,0.06816976454689629,,,0.09379647063459107,0.19867251294532728,ámbar,verde,ámbar,0.04263647300012963,3.024560896999901,,,0.09379647063459107,0.0,,
flchain,copula,copula,estadístico,False,,7,{},1000,1000,5,0.023399999999999997,0.06252296682769966,0.0015913021306955765,1.4144907828405124,0.7878826298817931,0.8026489842320355,0.11268926681423905,0.09693937686012366,0.014766354350242317,4922.0,0.03378594691874963,0.1171230691854177,4056.2366276023195,4187.93463383764,131.69800623532046,inf,inf,0.4386051774241836,0.5214679945507554,0.0,66.66666666666666,100.0,83.33333333333334,0.0,2.7644228550579477,0.0,0.578772995908997,0.0,66.66666666666666,100.0,66.66666666666666,1.0,2.286951066283623,0.0,0.0,0.512,0.01200000000000001,0.016449348708950855,0.016607079297796475,0.809072522246076,0.503453,0.117,0.034999999999999976,0.500392,0.12,0.03799999999999998,0.08514228339898637,0.1495719306825396,0.06921689851798406,0.17273763805731485,,,0.19062010064550364,0.3606733577351844,ámbar,ámbar,verde,0.03533739300019079,3.210734123000293,,,0.0,0.19062010064550364,,
flchain,copula,copula,estadístico,False,,8,{},1000,1000,5,0.016100000000000003,0.0677342108386905,0.0006990755382797007,0.6214004784708451,0.7950453954810576,0.794317890319135,0.11270338084062685,0.0979969091813046,-0.0007275051619225481,4922.0,0.03967338754061613,0.09881131673983767,4047.275404862716,4212.0232522265405,164.74784736382435,inf,inf,0.7370957966840248,0.44144315890380575,0.0,50.0,100.0,83.33333333333334,0.0,2.9219111227704264,0.0,0.5820348076137147,0.0,50.0,100.0,83.33333333333334,0.0,2.3323483808217262,0.0,0.0,0.536,0.03600000000000003,0.015838195454810987,0.01688185682247606,0.8104864318729403,0.494317,0.101,0.017999999999999905,0.529748,0.112,0.066,0.031928356274619894,0.09098521456423406,0.0,0.1123752709625643,,,0.05458479062307971,0.22947411692271935,ámbar,verde,ámbar,0.047660401000030106,9.866476389999661,,,0.0,0.05458479062307971,,
flchain,copula,copula,estadístico,False,,9,{},1000,1000,5,0.019900000000000008,0.06049732384061517,0.0014694667807443225,1.3061926939949535,0.7915094539371996,0.8001439793347308,0.10678673614193716,0.09606238311768234,0.008634525397531179,4919.0,0.04535156054175908,0.08043667694783696,4042.986568305245,4252.936829449759,209.95026114451412,inf,inf,0.5096445277312979,0.4925120135992298,0.0,83.33333333333334,100.0,83.33333333333334,0.0,3.3332601688195678,0.0,0.6214458116538918,0.0,100.0,100.0,83.33333333333334,0.0,2.3946160283672304,0.0,0.0,0.537,0.03700000000000003,0.015473645013125134,0.015320205063459918,0.8202164912122986,0.5230859999999999,0.134,0.059000000000000025,0.53,0.078,0.07400000000000007,0.05210484573877859,0.10648896485844228,0.0,0.08269595078608757,,,0.00637264435207283,0.19798784024055033,ámbar,verde,ámbar,0.05646700499983126,3.34458749300029,,,0.00637264435207283,0.0,,
flchain,dpcopula,dpcopula(ε=0.5),privacidad diferencial,True,0.5,0,"{""epsilon"": 0.5}",1000,1000,5,0.2705,0.22255615180133637,0.20891993432878078,185.7066082922496,0.23573400144379802,0.7895961611958044,0.1476468705337372,0.09719603622068226,0.5538621597520064,4922.0,0.04293497997192072,0.2571242578558226,4025.850184905734,4110.740931157854,84.89074625212015,inf,4800.0,1.196886006649258e-05,0.33939473871369813,0.0,33.33333333333333,0.0,66.66666666666666,1.0,4.438616176028625,0.0,0.4512692813484926,0.0,50.0,0.0,100.0,1.0,3.9529254185822285,0.0,0.0,0.517,0.017000000000000015,0.1077058580060207,0.10776992158543819,0.9479942079420132,0.500189,0.114,0.025000000000000022,0.515668,0.102,0.07600000000000007,0.0,0.03400209333951661,0.015796064017415047,0.06911321886481717,,,0.0,0.19276848382284925,ámbar,verde,rojo,0.035763384999881964,3.865509041000223,,,0.0,0.0,,
flchain,dpcopula,dpcopula(ε=0.5),privacidad diferencial,True,0.5,1,"{""epsilon"": 0.5}",1000,1000,5,0.29800000000000004,0.2153531654030634,0.22309806533702542,198.30939141068927,0.7546760108826622,0.807041371998859,0.1150518168838738,0.09502791064557853,0.05236536111619672,4926.0,0.016772609240222655,0.051729729643665734,4051.6627315084124,3992.594760456903,-59.06797105150963,inf,5805.0,0.21313663761740773,0.22891348889392862,0.0,66.66666666666666,100.0,33.33333333333333,0.0,3.3361867362674924,0.0,0.258158947933571,0.0,66.66666666666666,100.0,50.0,0.0,3.9871442580449084,0.0,0.0,0.516,0.016000000000000014,0.1299647299270248,0.12907416311093367,0.9636752245572318,0.506088,0.117,0.039000000000000035,0.47968800000000006,0.09,0.012000000000000004,0.01990834898787704,0.047001109617316045,0.0,0.05251935093497166,,,0.015713327773602216,0.19858561975996752,ámbar,verde,rojo,0.04772634800065134,3.764903790000062,,,0.015713327773602216,0.0,,
flchain,dpcopula,dpcopula(ε=0.5),privacidad diferencial,True,0.5,2,"{""epsilon"": 0.5}",1000,1000,5,0.2612,0.24377429698119285,0.2400784624341976,213.40307771928676,0.39005407867983904,0.776931773122643,0.15290176122020718,0.10160953283445164,0.386877694442804,4921.0,0.029452298047281805,0.15467043865090913,4041.434857548842,4108.98959423132,67.5547366824776,inf,5011.0,0.04807868695305134,0.17524814625592977,0.0,33.33333333333333,0.0,50.0,2.0,6.2411720612995385,1.0,0.17569020847702332,0.0,33.33333333333333,0.0,50.0,2.0,6.365155870438342,1.0,0.0,0.472,-0.028000000000000025,0.11017102314608222,0.10882875590962253,0.9595273674778171,0.508118,0.118,0.03500000000000003,0.52014,0.102,0.062,0.0,0.03093840674886426,0.028102402775498206,0.10331162258254395,,,0.027945336554786298,0.20299750458038684,ámbar,verde,rojo,0.0443030890000955,4.665315452000868,,,0.027945336554786298,0.009811546736227417,,
flchain,dpcopula,dpcopula(ε=0.5),privacidad diferencial,True,0.5,3,"{""epsilon"": 0.5}",1000,1000,5,0.3126999999999999,0.23761590904317031,0.2434269183697073,216.3794829952954,0.782283984426414,0.7982481838600245,0.1084617818321296,0.09374804803240239,0.015964199433610493,4925.0,0.11436626641254982,0.2003159528524242,4030.9076727595093,4594.573258255608,563.6655854960991,inf,inf,2.1575978936101617e-18,0.27736572902696865,0.0,33.33333333333333,50.0,50.0,3.0,2.445541704472774,0.0,0.3442811654757778,0.0,33.33333333333333,50.0,66.66666666666666,3.0,3.226634850756259,0.0,0.0,0.521,0.02100000000000002,0.14337446521042943,0.1434196285819223,0.9606018851418501,0.492081,0.1,0.007000000000000006,0.48377599999999993,0.094,0.010000000000000009,0.015390872017949413,0.057980325275975714,0.0,0.06273731044642757,,,0.0,0.06777251860151451,ámbar,verde,rojo,0.03363150299992412,4.335729880999679,,,0.0,0.0,,
flchain,dpcopula,dpcopula(ε=0.5),privacidad diferencial,True,0.5,4,"{""epsilon"": 0.5}",1000,1000,5,0.28169999999999995,0.23852905853616002,0.22693396100657787,201.71907645029145,0.2040465131820764,0.7991362314966418,0.17413093496519436,0.09875710088285809,0.5950897183145654,4921.1,0.028842417359383244,0.0713547982797389,4058.3144365922,4196.202036020255,137.88759942805518,inf,5861.0,0.7604834989048039,0.27442328190596454,0.0,33.33333333333333,0.0,66.66666666666666,3.0,5.632047245898195,0.0,0.2613204544254291,0.0,0.0,0.0,66.66666666666666,3.0,5.837353901629818,0.0,0.0,0.564,0.06399999999999995,0.1151368037824747,0.11338188138576571,0.9550631830676859,0.48843800000000004,0.114,0.018000000000000002,0.5085839999999999,0.122,0.06,0.0,0.03093840674886426,0.026466126907332146,0.08307218724841643,,,0.08339454383948149,0.2590788893089336,ámbar,verde,rojo,0.058002456000394886,3.272818888999609,,,0.015964178137309954,0.08339454383948149,,
flchain,dpcopula,dpcopula(ε=0.5),privacidad diferencial,True,0.5,5,"{""epsilon"": 0.5}",1000,1000,5,0.2528,0.23220781695340462,0.22594962300172497,200.84410933486666,0.789618559094843,0.8112933527536783,0.14890149181038514,0.09286275135105507,0.02167479365883529,4919.0,0.0360260227100799,0.2325056475043195,4033.070464739282,3888.1206491690787,-144.94981557020355,inf,4809.0,3.7266095629380913e-06,0.3554469031072341,0.0,83.33333333333334,50.0,50.0,1.0,3.9621469834864627,0.0,0.43913764994478105,0.0,83.33333333333334,50.0,66.66666666666666,1.0,3.4901925981908164,0.0,0.0,0.525,0.025000000000000022,0.08782831150926951,0.09138395937469845,0.9418996172697753,0.510067,0.108,0.03700000000000003,0.50436,0.106,0.04199999999999998,0.0,0.007891853679503132,0.02273751372795714,0.10071031478732274,,,0.021630890234722294,0.09307146406508776,ámbar,verde,rojo,0.03798785499930091,5.031209675999889,,,0.021630890234722294,0.0,,
flchain,dpcopula,dpcopula(ε=0.5),privacidad diferencial,True,0.5,6,"{""epsilon"": 0.5}",1000,1000,5,0.2753,0.22866428427716853,0.2206717753753512,196.15268922253443,0.8142726019187165,0.81684597878431,0.1480070143674717,0.09216116612172302,0.0025733768655934464,4920.1,0.03145235647441395,0.06575126389302743,4034.6520279833867,4166.040322028177,131.3882940447902,inf,inf,0.9893338028444881,0.30429504264692353,0.0,83.33333333333334,100.0,33.33333333333333,1.0,2.7243670196936796,1.0,0.2964409688113821,0.0,83.33333333333334,100.0,33.33333333333333,1.0,2.57344425880751,1.0,0.0,0.472,-0.028000000000000025,0.11732052629962575,0.11657031348521404,0.9609441571085994,0.496154,0.093,0.014000000000000012,0.511792,0.09,0.04799999999999993,0.0,0.027593251521765713,0.0,0.05665946795997132,,,0.0,0.08305151401498775,ámbar,verde,rojo,0.08672694300003059,4.27018592100012,,,0.0,0.0,,
flchain,dpcopula,dpcopula(ε=0.5),privacidad diferencial,True,0.5,7,"{""epsilon"": 0.5}",1000,1000,5,0.27080000000000004,0.1988248262031207,0.22724948544146542,201.99954261463594,0.632214657318305,0.8026489842320355,0.1379650938986139,0.09693937686012366,0.1704343269137305,4922.0,0.022737104281567354,0.0770182843752697,4056.2366276023195,4131.497285010472,75.26065740815284,inf,5417.0,0.9918025114177624,0.18063775070329888,0.0,33.33333333333333,50.0,33.33333333333333,1.0,6.263355173104893,1.0,0.18230808317418942,0.0,33.33333333333333,50.0,33.33333333333333,1.0,6.274975813961667,1.0,0.0,0.493,-0.007000000000000006,0.12155023231174603,0.12183314562115449,0.9547439649352889,0.513131,0.126,0.04600000000000001,0.5179119999999999,0.142,0.04200000000000004,0.005078185536862304,0.04034716743087416,0.020416420518842505,0.06162297642280276,,,0.033163695611636505,0.10402203803659649,ámbar,verde,rojo,0.03758679000020493,4.8003860490007355,,,0.033163695611636505,0.0,,
flchain,dpcopula,dpcopula(ε=0.5),privacidad diferencial,True,0.5,8,"{""epsilon"": 0.5}",1000,1000,5,0.2811,0.20234145246701263,0.14238084055873831,126.56074716332296,0.6349143604472685,0.794317890319135,0.15045895343850185,0.0979969091813046,0.15940352987186657,4922.0,0.05608832418674501,0.1139488941996516,4047.275404862716,4311.210370362045,263.9349654993289,inf,5014.0,0.16828851477497525,0.19527912852324902,0.0,33.33333333333333,100.0,50.0,0.0,6.566285527346004,0.0,0.28299202462900536,0.0,33.33333333333333,100.0,50.0,0.0,7.739568736789074,0.0,0.0,0.544,0.04400000000000004,0.08903349718746797,0.09177894059371566,0.9448863119844104,0.486573,0.076,0.014999999999999902,0.498952,0.1,0.026000000000000023,0.0,0.03683911828164402,0.0,0.014227821359852288,,,0.06486242298626345,0.2422122027877987,ámbar,verde,rojo,0.04032396299953689,11.072171064000031,,,0.0,0.06486242298626345,,
flchain,dpcopula,dpcopula(ε=0.5),privacidad diferencial,True,0.5,9,"{""epsilon"": 0.5}",1000,1000,5,0.28759999999999997,0.22218433738038995,0.20259167787639948,180.08149144568844,0.7175760655529442,0.8001439793347308,0.13021696322949688,0.09606238311768234,0.08256791378178663,4919.0,0.05635157404182307,0.11949175426279646,4042.986568305245,3768.002117652147,-274.98445065309807,inf,5019.0,5.74405618312521e-05,0.24716769222172544,0.0,83.33333333333334,100.0,50.0,0.0,3.8783942151510673,0.0,0.24684800344768676,0.0,83.33333333333334,100.0,50.0,0.0,3.878239663960807,0.0,0.0,0.48,-0.020000000000000018,0.10484699041916483,0.1032406472715417,0.9509705578491217,0.463142,0.09,0.0040000000000000036,0.46128800000000003,0.078,0.0,0.0,0.027593251521765713,0.0,0.04886883392130259,,,0.0849692033854217,0.2638342644647292,ámbar,verde,rojo,0.035573475000092,4.083752353999444,,,0.0,0.0849692033854217,,
flchain,dpcopula,dpcopula(ε=1),privacidad diferencial,True,1.0,0,"{""epsilon"": 1.0}",1000,1000,5,0.19529999999999997,0.18374231883164813,0.16267106005755466,144.5964978289375,0.4106628731580959,0.7895961611958044,0.13995770650621675,0.09719603622068226,0.37893328803770854,4922.0,0.036995057161438846,0.15752852079800106,4025.850184905734,4128.7386924755065,102.88850756977263,inf,4944.0,0.016290441251470802,0.3903551305906108,0.0,33.33333333333333,0.0,50.0,1.0,4.07018877625782,0.0,0.46103569638644476,0.0,50.0,0.0,66.66666666666666,1.0,3.8196626200917567,0.0,0.0,0.485,-0.015000000000000013,0.07085167693546718,0.07233209031318966,0.9365191687451093,0.49154200000000003,0.088,0.014000000000000012,0.510508,0.106,0.038000000000000034,0.0,0.017763571303590815,0.0611380358230551,0.13551822303836963,,,0.0,0.16754188110658325,ámbar,verde,rojo,0.034568934999697376,3.987577167999916,,,0.0,0.0,,
flchain,dpcopula,dpcopula(ε=1),privacidad diferencial,True,1.0,1,"{""epsilon"": 1.0}",1000,1000,5,0.2118,0.18203161809917204,0.1644377230448579,146.16686492876258,0.7477274565821799,0.807041371998859,0.12069184894511989,0.09502791064557853,0.059313915416679075,4926.0,0.03212571399379526,0.06019240961961103,4051.6627315084124,4191.782204063602,140.11947255518953,inf,5718.0,0.6159664025169953,0.29760881238218995,0.0,66.66666666666666,100.0,33.33333333333333,0.0,2.994363859980061,0.0,0.29024923823070253,0.0,66.66666666666666,100.0,50.0,0.0,2.8900358978361935,0.0,0.0,0.498,-0.0020000000000000018,0.08550560352679853,0.08489867967780229,0.9490557885989443,0.5253909999999999,0.12,0.04699999999999993,0.51674,0.11,0.055999999999999994,0.0,0.03093840674886426,0.05234970809435349,0.13775217053865318,,,0.04720511299190104,0.2295856241924788,ámbar,verde,rojo,0.12475963299948489,4.339928919999693,,,0.0,0.04720511299190104,,
flchain,dpcopula,dpcopula(ε=1),privacidad diferencial,True,1.0,2,"{""epsilon"": 1.0}",1000,1000,5,0.17200000000000001,0.2199054442921277,0.1814584140161744,161.29636801437726,0.3573031527617248,0.776931773122643,0.15418361349264512,0.10160953283445164,0.41962862036091825,4921.0,0.05080269562144985,0.12048320121886336,4041.434857548842,4263.773694706142,222.33883715730008,inf,5021.0,0.8312992335699707,0.17482718588573634,0.0,33.33333333333333,0.0,33.33333333333333,2.0,6.071630904248327,1.0,0.1755880590707707,0.0,33.33333333333333,0.0,50.0,2.0,5.975995048903377,1.0,0.0,0.508,0.008000000000000007,0.08040049123544286,0.08143437314613786,0.9443799384240325,0.5027670000000001,0.099,0.02699999999999997,0.502516,0.082,0.04999999999999993,0.015005947651593212,0.04390301755806346,0.0,0.05943289628178312,,,0.04920164067250273,0.11818809809453829,ámbar,verde,rojo,0.038063856000007945,4.82692078799937,,,0.04920164067250273,0.0,,
flchain,dpcopula,dpcopula(ε=1),privacidad diferencial,True,1.0,3,"{""epsilon"": 1.0}",1000,1000,5,0.2117,0.2145297924314808,0.19141068814153767,170.14283390358904,0.7845257656234742,0.7982481838600245,0.10204273429157898,0.09374804803240239,0.013722418236550293,4925.0,0.0801376861326637,0.13317786543525356,4030.9076727595093,4426.324855802101,395.4171830425921,inf,inf,1.7753671766673762e-05,0.22089061417046515,0.0,16.666666666666664,25.0,66.66666666666666,3.0,2.5788390873127907,0.0,0.3153952167882332,0.0,33.33333333333333,50.0,66.66666666666666,3.0,2.1474879469944548,0.0,0.0,0.521,0.02100000000000002,0.1049579386081876,0.10549118128862385,0.9509772546047693,0.499074,0.088,0.017000000000000015,0.485656,0.09,0.014000000000000012,0.0,0.03052582877071865,0.0,0.06206985224940088,,,0.0,0.12777142203349795,ámbar,verde,rojo,0.05725743200036959,3.888181407999582,,,0.0,0.0,,
flchain,dpcopula,dpcopula(ε=1),privacidad diferencial,True,1.0,4,"{""epsilon"": 1.0}",1000,1000,5,0.1991,0.2141758172187416,0.15924727634234667,141.55313452653039,0.2425735957496575,0.7991362314966418,0.16839468336905633,0.09875710088285809,0.5565626357469843,4921.1,0.04967590491847264,0.08680066158784594,4058.3144365922,4294.255557330193,235.94112073799351,inf,5824.0,0.6186196594068643,0.38368575864223237,0.0,50.0,33.33333333333333,66.66666666666666,2.0,5.252697902936755,0.0,0.36635626328625115,0.0,50.0,33.33333333333333,50.0,3.0,5.1407292054938125,0.0,0.0,0.545,0.04500000000000004,0.08394684009825779,0.08500786652292425,0.9389934612842701,0.504105,0.112,0.038000000000000034,0.529128,0.132,0.062,0.0,0.03400209333951661,0.01105456520387883,0.08011307652599084,,,0.24803129561586204,0.396231627364405,rojo,ámbar,rojo,0.10315607400025328,5.0771291210003255,,,0.0,0.24803129561586204,,
flchain,dpcopula,dpcopula(ε=1),privacidad diferencial,True,1.0,5,"{""epsilon"": 1.0}",1000,1000,5,0.18009999999999998,0.2035073666991779,0.15964878773053773,141.91003353825576,0.6574166719439343,0.8112933527536783,0.13869888419400553,0.09286275135105507,0.15387668080974404,4919.0,0.018295168537858234,0.13108426945952267,4033.070464739282,4051.216580923886,18.14611618460367,inf,4972.0,0.027817357707787135,0.36362169486229784,0.0,83.33333333333334,50.0,50.0,1.0,3.5846045196914083,0.0,0.3818629420708848,0.0,83.33333333333334,50.0,66.66666666666666,1.0,3.5393692733921625,0.0,0.0,0.504,0.0040000000000000036,0.06162242217862235,0.06351472931863081,0.9194239568415361,0.49330500000000005,0.097,0.02499999999999991,0.5137079999999999,0.086,0.05800000000000005,0.010105055725888216,0.04377826162893035,0.0,0.019263467857591823,,,0.040436418370986965,0.23617547138631365,ámbar,verde,rojo,0.05611845299972629,4.921326066999427,,,0.0386909782135759,0.040436418370986965,,
flchain,dpcopula,dpcopula(ε=1),privacidad diferencial,True,1.0,6,"{""epsilon"": 1.0}",1000,1000,5,0.20069999999999996,0.20725957195645014,0.16814513531581107,149.4623425029432,0.8032875518133087,0.81684597878431,0.13872071777697229,0.09216116612172302,0.013558426971001292,4920.1,0.03023508720089051,0.06502367144188148,4034.6520279833867,4171.398077970292,136.74604998690575,inf,inf,0.6814202394634814,0.24873473024654555,0.0,83.33333333333334,100.0,50.0,0.0,2.5939766655236385,1.0,0.28141614867726394,0.0,83.33333333333334,100.0,50.0,0.0,2.284993938004816,1.0,0.0,0.49,-0.010000000000000009,0.08149433575537754,0.0820619765637215,0.9493394874738872,0.496911,0.098,0.016,0.508624,0.124,0.03200000000000003,0.0,0.02439914100888082,0.0,0.04762988853441482,,,0.04084936891388513,0.23843785468031967,ámbar,verde,rojo,0.05064173499977187,4.228576425999563,,,0.0,0.04084936891388513,,
flchain,dpcopula,dpcopula(ε=1),privacidad diferencial,True,1.0,7,"{""epsilon"": 1.0}",1000,1000,5,0.188,0.1772916806900961,0.1763372850482084,156.74425337618524,0.6838165996813442,0.8026489842320355,0.13018261857351957,0.09693937686012366,0.11883238455069123,4922.0,0.026098445746778217,0.07225084378108382,4056.2366276023195,4179.42510542015,123.18847781783097,inf,5391.0,0.771706211707759,0.17975704036557502,0.0,33.33333333333333,50.0,33.33333333333333,1.0,4.640347120800411,1.0,0.1815726914662714,0.0,33.33333333333333,50.0,33.33333333333333,1.0,4.442894331840511,1.0,0.0,0.461,-0.03899999999999998,0.08887426520075876,0.08705045653424999,0.9443112015877624,0.49177,0.096,0.010000000000000009,0.499352,0.116,0.03600000000000003,0.01493126174090778,0.04032735198504831,0.0,0.057745924860917085,,,0.02313198662554711,0.10572047613153036,ámbar,verde,rojo,0.08313874299983581,4.231634099000075,,,0.02313198662554711,0.0,,
flchain,dpcopula,dpcopula(ε=1),privacidad diferencial,True,1.0,8,"{""epsilon"": 1.0}",1000,1000,5,0.1906,0.18675836350930758,0.09963894334313929,88.56794963834604,0.6424921887812817,0.794317890319135,0.14158513933379796,0.0979969091813046,0.15182570153785335,4922.0,0.051459427272017445,0.10483737397265425,4047.275404862716,4287.259579802365,239.9841749396487,inf,4991.0,0.7183614216305378,0.2643306336206974,0.0,50.0,100.0,33.33333333333333,0.0,10.403355612289735,0.0,0.282463492592481,0.0,50.0,100.0,33.33333333333333,0.0,8.772654486876085,0.0,0.0,0.543,0.04300000000000004,0.056222383689851274,0.05812898037020792,0.921869735959272,0.48652000000000006,0.084,0.006000000000000005,0.5065,0.116,0.03799999999999998,0.0,0.01772310570087595,0.01622316767604172,0.07887735849710988,,,0.02001586669555388,0.21597337782202025,ámbar,verde,rojo,0.10846093700001802,12.857529159000478,,,0.0,0.02001586669555388,,
flchain,dpcopula,dpcopula(ε=1),privacidad diferencial,True,1.0,9,"{""epsilon"": 1.0}",1000,1000,5,0.2015,0.19252932542307566,0.1475890994894679,131.19031065730482,0.7501111605157847,0.8001439793347308,0.11601926024875356,0.09606238311768234,0.05003281881894606,4919.0,0.01707353214411378,0.1364766612725261,4042.986568305245,4005.6251195637165,-37.36144874152842,inf,5003.0,0.012911131554782771,0.17545808430175702,0.0,66.66666666666666,100.0,66.66666666666666,0.0,3.7000302101914904,0.0,0.24535321865712198,0.0,66.66666666666666,100.0,66.66666666666666,0.0,4.630263729592394,0.0,0.0,0.51,0.010000000000000009,0.07602615039611757,0.07481175439883395,0.9332224109134991,0.49115699999999995,0.088,0.032,0.48263999999999996,0.102,0.016000000000000014,0.0,0.0057667959915866165,0.0,0.059035514716178995,,,0.09811546736227328,0.2824768847183856,ámbar,verde,rojo,0.03360548199998448,4.457648633000645,,,0.005407722558680573,0.09811546736227328,,
flchain,dpcopula,dpcopula(ε=5),privacidad diferencial,True,5.0,0,"{""epsilon"": 5.0}",1000,1000,5,0.0893,0.1108361411211029,0.03403696995928138,30.255084408250116,0.7729245403201834,0.7895961611958044,0.12016706871624357,0.09719603622068226,0.016671620875621018,4922.0,0.01606947323021137,0.04238489611524332,4025.850184905734,4087.542065339191,61.6918804334573,inf,inf,0.9353140711390261,0.49032031220848465,0.0,83.33333333333334,100.0,33.33333333333333,0.0,2.9535416612542136,0.0,0.5477128476251828,0.0,100.0,100.0,83.33333333333334,0.0,2.6513458332734148,0.0,0.0,0.474,-0.026000000000000023,0.022942457697150524,0.02175936523436237,0.8862123792536103,0.49239199999999994,0.106,0.016000000000000014,0.5019959999999999,0.134,0.039999999999999994,0.0,0.03093840674886426,0.0,0.0693698156100451,,,0.09908767067407588,0.2850748452693714,ámbar,verde,rojo,0.03562081299969577,4.29539417199976,,,0.0,0.09908767067407588,,
flchain,dpcopula,dpcopula(ε=5),privacidad diferencial,True,5.0,1,"{""epsilon"": 5.0}",1000,1000,5,0.09159999999999999,0.13149248751704434,0.048589437580582255,43.19061118273979,0.7939958019151101,0.807041371998859,0.11850214215396135,0.09502791064557853,0.013045570083748848,4926.0,0.04753694878978603,0.08347761967583067,4051.6627315084124,4255.33274340073,203.67001189231723,inf,inf,0.7273279603815146,0.519434004260914,0.0,66.66666666666666,100.0,83.33333333333334,0.0,2.0662474432006044,0.0,0.5317483494859262,0.0,83.33333333333334,100.0,83.33333333333334,0.0,1.9399588239145649,0.0,0.0,0.485,-0.015000000000000013,0.02659823616252363,0.02622721289846293,0.8971088567315579,0.5035019999999999,0.112,0.026000000000000023,0.48407199999999995,0.082,0.02200000000000002,0.02021011145177643,0.05635924316195332,0.0,0.07523621476883731,,,0.0056204805550996535,0.1999402396292743,ámbar,verde,rojo,0.10522740900069039,3.7683740950005813,,,0.0056204805550996535,0.0,,
flchain,dpcopula,dpcopula(ε=5),privacidad diferencial,True,5.0,2,"{""epsilon"": 5.0}",1000,1000,5,0.0895,0.1389402466917421,0.039377560469747636,35.002275973109015,0.773067805046781,0.776931773122643,0.12868764128107915,0.10160953283445164,0.00386396807586209,4921.0,0.04276680460545799,0.09911482859654508,4041.434857548842,4224.083045725965,182.6481881771233,inf,5009.0,0.5879034848054678,0.43431289170593185,0.0,66.66666666666666,50.0,66.66666666666666,1.0,2.873160169499552,0.0,0.4273184929726353,0.0,66.66666666666666,50.0,66.66666666666666,1.0,3.0905852988349714,0.0,0.0,0.482,-0.018000000000000016,0.027148273807842554,0.025568540488721644,0.8802576698442451,0.500542,0.094,0.03600000000000003,0.513412,0.09,0.045999999999999985,0.0,0.027593251521765713,0.0,0.006802785626206204,,,0.15396350748099097,0.32931488119323143,rojo,ámbar,rojo,0.03620506200059026,4.01903786100047,,,0.0,0.15396350748099097,,
flchain,dpcopula,dpcopula(ε=5),privacidad diferencial,True,5.0,3,"{""epsilon"": 5.0}",1000,1000,5,0.09129999999999999,0.1504168378216378,0.05039786798276148,44.79810487356576,0.7844790618485354,0.7982481838600245,0.10029777100327031,0.09374804803240239,0.013769122011489054,4925.0,0.04927051781997232,0.07224497019265674,4030.9076727595093,4266.52398939128,235.61631663177104,inf,inf,0.3203567789751289,0.3020531143484793,0.0,50.0,75.0,66.66666666666666,2.0,6.409600081333331,0.0,0.3693655819185009,0.0,50.0,75.0,83.33333333333334,1.0,2.7212469132960653,0.0,0.0,0.498,-0.0020000000000000018,0.02952974906051952,0.028403615016576563,0.8838210761818497,0.507741,0.078,0.028000000000000025,0.507684,0.106,0.036000000000000004,0.005183476151352174,0.05052335466760786,0.0,0.03035739347939416,,,0.0,0.11186405087840846,ámbar,verde,rojo,0.03811225299978105,4.02973436100001,,,0.0,0.0,,
flchain,dpcopula,dpcopula(ε=5),privacidad diferencial,True,5.0,4,"{""epsilon"": 5.0}",1000,1000,5,0.09540000000000001,0.1327160772612676,0.038744589475865086,34.439635089657855,0.7933137300765195,0.7991362314966418,0.1320783019014309,0.09875710088285809,0.005822501420122306,4921.1,0.03956149669468759,0.06675357994370601,4058.3144365922,4241.261959862567,182.94752327036713,inf,5056.0,0.7111192863173766,0.4467110288916924,0.0,66.66666666666666,100.0,50.0,2.0,2.9183750657497165,0.0,0.4863202559838677,0.0,100.0,100.0,50.0,2.0,2.611394137934376,0.0,0.0,0.513,0.013000000000000012,0.028411899514353276,0.029102539506392883,0.8767482192244114,0.486853,0.101,0.016,0.521244,0.106,0.057999999999999996,0.0,0.03325773566801172,0.08795039494322723,0.16122143123307958,,,0.005466848963611415,0.11276305989876133,ámbar,verde,rojo,0.03411704700010887,3.8091484200003833,,,0.005466848963611415,0.0,,
flchain,dpcopula,dpcopula(ε=5),privacidad diferencial,True,5.0,5,"{""epsilon"": 5.0}",1000,1000,5,0.0898,0.13102548401574315,0.028799428207588317,25.599491740078506,0.7879129461929791,0.8112933527536783,0.11560636954749554,0.09286275135105507,0.023380406560699174,4919.0,0.02889349850578944,0.05068776639751571,4033.070464739282,4164.001620960412,130.93115622112964,inf,inf,0.7604509920370139,0.42717337374388836,0.0,83.33333333333334,50.0,33.33333333333333,1.0,2.4067766780757966,0.0,0.43923235563818613,0.0,66.66666666666666,50.0,50.0,1.0,2.5748479123355277,0.0,0.0,0.528,0.028000000000000025,0.021395696198565798,0.023125742718216588,0.8693593563440773,0.497288,0.11,0.02899999999999999,0.5311239999999999,0.108,0.06400000000000006,0.0,0.027593251521765713,0.01170133082686766,0.09677367168983791,,,0.011245971626989888,0.23053028076331072,ámbar,verde,rojo,0.036052139999810606,3.7249501019996387,,,0.005716875314726673,0.011245971626989888,,
flchain,dpcopula,dpcopula(ε=5),privacidad diferencial,True,5.0,6,"{""epsilon"": 5.0}",1000,1000,5,0.09390000000000001,0.12699600808919603,0.04809460330234574,42.75075849097399,0.7982749154431951,0.81684597878431,0.1159588221996932,0.09216116612172302,0.018571063341114913,4920.1,0.03766028994103755,0.07046007535250831,4034.6520279833867,4212.217429592338,177.5654016089511,inf,inf,0.3590238623248816,0.41764433618648766,0.0,83.33333333333334,100.0,66.66666666666666,0.0,2.1999062106643534,0.0,0.4533117954273374,0.0,100.0,100.0,66.66666666666666,1.0,2.305893120559223,0.0,0.0,0.523,0.02300000000000002,0.025239023807340926,0.025251397812395018,0.8797295747849792,0.500605,0.117,0.029000000000000026,0.522796,0.124,0.05399999999999994,0.0,0.03052582877071865,0.0,0.07374138526509613,,,0.0316053197087314,0.2360358649703243,ámbar,verde,rojo,0.03425679999963904,4.092555225000069,,,0.0,0.0316053197087314,,
flchain,dpcopula,dpcopula(ε=5),privacidad diferencial,True,5.0,7,"{""epsilon"": 5.0}",1000,1000,5,0.09570000000000001,0.12352080843767362,0.04538607960047329,40.343181867087374,0.796888669126317,0.8026489842320355,0.11969352943379799,0.09693937686012366,0.005760315105718505,4922.0,0.05004443872060318,0.08285068802961537,4056.2366276023195,4293.796749883543,237.5601222812238,inf,inf,0.22683315372945634,0.33903872813190655,0.0,66.66666666666666,100.0,50.0,1.0,2.3733733588518406,1.0,0.2817284002082047,0.0,50.0,100.0,50.0,1.0,2.8633760597116114,1.0,0.0,0.5,0.0,0.02419050485179232,0.02426038403122247,0.8905608992588714,0.48970400000000003,0.098,0.007000000000000006,0.479656,0.106,0.016,0.0,0.0,0.0,0.08448588277020311,,,0.0,0.03451330276085617,ámbar,verde,rojo,0.035799604000203544,4.150976638999964,,,0.0,0.0,,
flchain,dpcopula,dpcopula(ε=5),privacidad diferencial,True,5.0,8,"{""epsilon"": 5.0}",1000,1000,5,0.08880000000000002,0.12761893820490294,0.02415070208888204,21.467290745672926,0.7610250673888452,0.794317890319135,0.11371517464861325,0.0979969091813046,0.03329282293028979,4922.0,0.04269389863408355,0.08162080570328323,4047.275404862716,4238.29164630644,191.01624144372408,inf,5041.0,0.8715350682923584,0.3153041765982641,0.0,50.0,100.0,50.0,0.0,3.395691893304589,0.0,0.3724922277470164,0.0,66.66666666666666,100.0,83.33333333333334,0.0,5.897843431961608,0.0,0.0,0.543,0.04300000000000004,0.023740549352505802,0.0245694276985142,0.8632241915821977,0.494738,0.1,0.016000000000000014,0.515724,0.148,0.07399999999999998,0.0,0.019637612959494125,0.0,0.0743604950315697,,,0.06744576666119566,0.16362478618248402,ámbar,verde,rojo,0.07778181699995912,10.612781309000638,,,0.06744576666119566,0.0,,
flchain,dpcopula,dpcopula(ε=5),privacidad diferencial,True,5.0,9,"{""epsilon"": 5.0}",1000,1000,5,0.08150000000000002,0.11386847670480969,0.027499362008824742,24.44387734117755,0.7721145906117004,0.8001439793347308,0.11190652933568485,0.09606238311768234,0.028029388723030402,4919.0,0.01882644551332913,0.07785187915843683,4042.986568305245,4098.77710174659,55.79053344134536,inf,inf,0.38415589631179425,0.29031001929137806,0.0,66.66666666666666,100.0,83.33333333333334,0.0,2.989671510594731,0.0,0.3273729755964129,0.0,66.66666666666666,100.0,83.33333333333334,0.0,2.534497859889903,0.0,0.0,0.505,0.0050000000000000044,0.0239540325580697,0.02503192487982569,0.8867465713545193,0.517564,0.119,0.046999999999999986,0.51056,0.08,0.066,0.020312742147449218,0.05906080485023106,0.06899695074120407,0.1523169977175777,,,0.0707637321492273,0.26329609442585994,ámbar,verde,rojo,0.04527681299987307,3.9773512000001574,,,0.05030160579861534,0.0707637321492273,,
flchain,dpcopula,dpcopula(ε=10),privacidad diferencial,True,10.0,0,"{""epsilon"": 10.0}",1000,1000,5,0.08609999999999998,0.11115218227908859,0.014620743847168634,12.996216753038787,0.7736676716633403,0.7895961611958044,0.1131195665390533,0.09719603622068226,0.015928489532464174,4922.0,0.019424781067700084,0.04682325298054213,4025.850184905734,4106.08068308038,80.23049817464653,inf,inf,0.7919891111565102,0.4714494972845702,0.0,66.66666666666666,100.0,83.33333333333334,0.0,2.6112183967356395,0.0,0.5371410594662492,0.0,100.0,100.0,66.66666666666666,0.0,2.2725765290446667,0.0,0.0,0.501,0.0010000000000000009,0.01833618078213916,0.01807100040118146,0.8533520033005308,0.492718,0.101,0.017999999999999988,0.507528,0.15,0.06000000000000001,0.01508138447356785,0.04712787963583021,0.0,0.08997171811982188,,,0.0,0.17572913515924185,ámbar,verde,rojo,0.039309896000304434,4.160675669000739,,,0.0,0.0,,
flchain,dpcopula,dpcopula(ε=10),privacidad diferencial,True,10.0,1,"{""epsilon"": 10.0}",1000,1000,5,0.08220000000000001,0.12195999274419067,0.023944849508740425,21.284310674435936,0.7988538291558273,0.807041371998859,0.11735842691276308,0.09502791064557853,0.008187542843031692,4926.0,0.04818081555803245,0.08266751280900486,4051.6627315084124,4258.412387331775,206.74965582336245,inf,inf,0.9009977603876164,0.5652942951607973,0.0,83.33333333333334,100.0,83.33333333333334,0.0,2.001528530446826,0.0,0.5763441578685119,0.0,100.0,100.0,83.33333333333334,0.0,1.9682487104509756,0.0,0.0,0.497,-0.0030000000000000027,0.020264254805961716,0.021926907515623414,0.8665394165219085,0.5214719999999999,0.106,0.04400000000000004,0.515748,0.09,0.06000000000000005,0.0,0.02063287096279378,0.0,0.09977737592623646,,,0.02299898358040136,0.20981876082192785,ámbar,verde,rojo,0.03841080700021848,3.640749565999613,,,0.02299898358040136,0.019432431264900622,,
flchain,dpcopula,dpcopula(ε=10),privacidad diferencial,True,10.0,2,"{""epsilon"": 10.0}",1000,1000,5,0.08159999999999998,0.12923811051432252,0.02011155139396994,17.876934572417724,0.7663396073600999,0.776931773122643,0.11977386796675782,0.10160953283445164,0.010592165762543182,4921.0,0.02856337229954752,0.09671209388405477,4041.434857548842,4147.408002843606,105.97314529476353,inf,5047.0,0.3708566562805443,0.43411586894067566,0.0,66.66666666666666,50.0,83.33333333333334,1.0,2.741357585163312,0.0,0.5177036747012297,0.0,100.0,100.0,66.66666666666666,1.0,2.4884881057648918,0.0,0.0,0.499,-0.0010000000000000009,0.020636656024568687,0.020853628099225967,0.8583673173171072,0.512814,0.109,0.03799999999999992,0.500232,0.086,0.02799999999999997,0.0,0.02063287096279378,0.0,0.07641258334425138,,,0.0,0.17818954190206113,ámbar,verde,rojo,0.03823476699926687,4.115942786999767,,,0.0,0.0,,
flchain,dpcopula,dpcopula(ε=10),privacidad diferencial,True,10.0,3,"{""epsilon"": 10.0}",1000,1000,5,0.07680000000000001,0.1351970098032349,0.023474271681440385,20.866019272391455,0.7898797165505441,0.7982481838600245,0.10434420068772542,0.09374804803240239,0.008368467309480376,4925.0,0.050739785367901157,0.0810611986387646,4030.9076727595093,4279.32993199908,248.42225923957085,inf,inf,0.1582849717266616,0.23796356504642102,0.0,50.0,75.0,50.0,2.0,2.391660816203584,0.0,0.3683594866995736,0.0,50.0,75.0,66.66666666666666,2.0,1.9262218395094572,0.0,0.0,0.499,-0.0010000000000000009,0.021777350531835556,0.022580163067178242,0.8584594666786164,0.508796,0.083,0.04399999999999993,0.48731599999999997,0.106,0.020000000000000018,0.0,0.011219229458031822,0.03489980539623565,0.11954420400873766,,,0.0,0.11812487446500636,ámbar,verde,rojo,0.03569867799978965,3.711363682999945,,,0.0,0.0,,
flchain,dpcopula,dpcopula(ε=10),privacidad diferencial,True,10.0,4,"{""epsilon"": 10.0}",1000,1000,5,0.093,0.11487647977780847,0.015350734802053538,13.645097601825368,0.7928292177632238,0.7991362314966418,0.12330403542407074,0.09875710088285809,0.006307013733418021,4921.1,0.03594049517709456,0.0656462428758875,4058.3144365922,4222.112773617465,163.79833702526503,inf,inf,0.8881339209118001,0.45745964632378316,0.0,100.0,100.0,50.0,2.0,2.5514739891440255,0.0,0.5014521633008218,0.0,100.0,100.0,50.0,2.0,2.256377017151835,0.0,0.0,0.512,0.01200000000000001,0.02192833626665532,0.021572681935491476,0.8646056696253179,0.490214,0.091,0.017000000000000015,0.538016,0.11,0.09000000000000008,0.005078185536862304,0.04034716743087416,0.0,0.06381331549061192,,,0.05437125022318129,0.1577649968936815,ámbar,verde,rojo,0.032692821000637196,3.7668898540005102,,,0.05437125022318129,0.0,,
flchain,dpcopula,dpcopula(ε=10),privacidad diferencial,True,10.0,5,"{""epsilon"": 10.0}",1000,1000,5,0.09,0.1188798762794078,0.011921694239854034,10.59706154653692,0.803010153462943,0.8112933527536783,0.11239849245199754,0.09286275135105507,0.008283199290735288,4919.0,0.023865845731141398,0.04916291713951004,4033.070464739282,4127.048084659818,93.9776199205362,inf,inf,0.9744015400244702,0.39946896191596676,0.0,83.33333333333334,100.0,50.0,1.0,2.6869435831962787,0.0,0.480507929255838,0.0,66.66666666666666,50.0,66.66666666666666,1.0,2.3251387930502547,0.0,0.0,0.545,0.04500000000000004,0.018718944125049708,0.019480236440487075,0.8522078248650221,0.49295500000000003,0.096,0.021,0.508728,0.106,0.055999999999999994,0.005001982550531071,0.03061647398368801,0.04218882128156479,0.13570902054160638,,,0.0,0.08164567050408406,ámbar,verde,rojo,0.06858884600023885,3.884818355999414,,,0.0,0.0,,
flchain,dpcopula,dpcopula(ε=10),privacidad diferencial,True,10.0,6,"{""epsilon"": 10.0}",1000,1000,5,0.08449999999999999,0.11352784682738098,0.02128496135855453,18.919965652048475,0.8057226201502953,0.81684597878431,0.107687354345088,0.09216116612172302,0.011123358634014702,4920.1,0.036344559080466673,0.06672524146578362,4034.6520279833867,4200.333554901614,165.68152691822706,inf,inf,0.684520103804892,0.43246742844155445,0.0,66.66666666666666,66.66666666666666,33.33333333333333,2.0,2.1500528106071375,0.0,0.4377373979930664,0.0,83.33333333333334,100.0,50.0,2.0,2.224736576348098,0.0,0.0,0.532,0.03200000000000003,0.020951813979208162,0.02058952099864257,0.8634987198533288,0.503456,0.1,0.02200000000000002,0.525412,0.12,0.06400000000000006,0.0,0.02829987607855833,0.0,0.05750434808265386,,,0.02972630120222281,0.22281593667534985,ámbar,verde,rojo,0.0739305549996061,3.8670897889996922,,,0.0,0.02972630120222281,,
flchain,dpcopula,dpcopula(ε=10),privacidad diferencial,True,10.0,7,"{""epsilon"": 10.0}",1000,1000,5,0.0845,0.10770164878660972,0.022310022598763572,19.831131198900955,0.7944670546321302,0.8026489842320355,0.11881335809356881,0.09693937686012366,0.008181929599905269,4922.0,0.034638596418947565,0.06537468122487788,4056.2366276023195,4206.324832669025,150.088205066706,inf,inf,0.9737766126661525,0.4820698869181748,0.0,83.33333333333334,100.0,66.66666666666666,0.0,2.2408749100928653,0.0,0.38563936834063367,0.0,50.0,100.0,83.33333333333334,0.0,3.9594754248193063,0.0,0.0,0.504,0.0040000000000000036,0.019588097415572044,0.02106047893321613,0.8578676500127371,0.5005689999999999,0.122,0.03900000000000001,0.493044,0.106,0.018000000000000016,0.015005947651593212,0.04390301755806346,0.0,0.048995714029721915,,,0.10878938911982095,0.30998770968209455,rojo,ámbar,rojo,0.04214333800064196,3.9840528459999405,,,0.005782996656386762,0.10878938911982095,,
flchain,dpcopula,dpcopula(ε=10),privacidad diferencial,True,10.0,8,"{""epsilon"": 10.0}",1000,1000,5,0.0859,0.1189496641882743,0.012570305365705171,11.173604769515709,0.7602344837446752,0.794317890319135,0.11634420876747216,0.0979969091813046,0.03408340657445985,4922.0,0.03765629674246103,0.1101946962189716,4047.275404862716,4197.203747190482,149.92834232776613,inf,5052.0,0.42003741448374665,0.35742652290348303,0.0,66.66666666666666,100.0,66.66666666666666,0.0,3.399586643008707,0.0,0.3922522485970857,0.0,66.66666666666666,100.0,83.33333333333334,0.0,3.003459035286999,0.0,0.0,0.531,0.031000000000000028,0.01979615683702539,0.021576304139530406,0.8399296127467131,0.49984,0.102,0.020000000000000018,0.518144,0.108,0.052000000000000046,0.02539092768431152,0.0652071030041506,0.0,0.05188110630732928,,,0.1505480888121351,0.31255047653029255,rojo,ámbar,rojo,0.0669022389993188,9.625482153999656,,,0.03372288333059783,0.1505480888121351,,
flchain,dpcopula,dpcopula(ε=10),privacidad diferencial,True,10.0,9,"{""epsilon"": 10.0}",1000,1000,5,0.0803,0.10262822949548926,0.01553916993996731,13.812595502193167,0.7895064473099155,0.8001439793347308,0.11217260260020108,0.09606238311768234,0.010637532024815322,4919.0,0.029717200905692492,0.09565690803623506,4042.986568305245,4160.412358662378,117.42579035713334,inf,inf,0.5238369563280081,0.3726884253387675,0.0,66.66666666666666,100.0,83.33333333333334,0.0,7.604371300254644,0.0,0.42011432641244245,0.0,50.0,100.0,83.33333333333334,0.0,3.2537253263462595,0.0,0.0,0.521,0.02100000000000002,0.020627564419848272,0.021306573864880426,0.8560981439693063,0.514523,0.111,0.034999999999999976,0.5072639999999999,0.076,0.04600000000000004,0.005052527862944108,0.03739465226713025,0.06860250377672027,0.15051996840809523,,,0.132760448970127,0.32029355653296465,rojo,ámbar,rojo,0.04366511199987144,2.895560881000165,,,0.02748449841975853,0.132760448970127,,
flchain,marginal,marginal,control,False,,0,{},1000,1000,5,0.0216,0.2098884159655226,0.0010815281281361176,0.9613583361209935,0.7649454329270882,0.7895961611958044,0.14038760778320147,0.09719603622068226,0.024650728268716282,4922.0,0.09262451915971134,0.2104596841699778,4025.850184905734,4455.653721207812,429.8035363020781,inf,4905.0,0.9654903837873755,0.6426350762515564,0.0,83.33333333333334,100.0,66.66666666666666,1.0,3.357104464652949,0.0,0.506627689584057,0.0,66.66666666666666,100.0,83.33333333333334,1.0,4.293518971437255,0.0,0.0,0.511,0.01100000000000001,0.024089726887172574,0.023785669448944724,0.8374213850682646,0.497445,0.097,0.023999999999999994,0.5067599999999999,0.116,0.033999999999999975,0.031928356274619894,0.09098521456423406,0.0,0.03785138551939987,,,0.005407722558680573,0.19468750659472542,ámbar,verde,ámbar,0.013637322999784374,3.942752023999674,,,0.005407722558680573,0.0,,
flchain,marginal,marginal,control,False,,1,{},1000,1000,5,0.023,0.2293912277728022,0.001873435471668663,1.6652759748165895,0.31880750546049075,0.807041371998859,0.15445076659761767,0.09502791064557853,0.4882338665383682,4926.0,0.10336104065113058,0.1653096896849977,4051.6627315084124,4551.356031980664,499.6933004722514,inf,4962.0,0.2036264246455825,0.5400872404085685,0.0,16.666666666666664,0.0,83.33333333333334,1.0,3.897446326287714,0.0,0.5975994806518458,0.0,33.33333333333333,0.0,83.33333333333334,1.0,3.51597286591824,0.0,0.0,0.483,-0.017000000000000015,0.022639153937541207,0.022465743025668866,0.8571708397558875,0.507669,0.095,0.03799999999999998,0.47995200000000005,0.076,0.04200000000000004,0.04789253441192984,0.1086977158194089,0.031928356274619894,0.09098521456423406,,,0.10626923916150718,0.2720052725731064,rojo,ámbar,rojo,0.014020544000231894,3.541012800000317,,,0.04279889140833385,0.10626923916150718,,
flchain,marginal,marginal,control,False,,2,{},1000,1000,5,0.020800000000000003,0.22707558640967834,0.0010647361981155695,0.9464321761027285,0.5847162345715466,0.776931773122643,0.14618872491818063,0.10160953283445164,0.1922155385510964,4921.0,0.07807120751414208,0.15616563282418894,4041.434857548842,4401.02342970026,359.5885721514178,inf,4922.0,0.5882678468543876,0.4787661690449043,0.0,83.33333333333334,100.0,66.66666666666666,2.0,3.802555337773091,0.0,0.49189054092256407,0.0,33.33333333333333,0.0,66.66666666666666,2.0,4.173249744710892,0.0,0.0,0.51,0.010000000000000009,0.024148853292272208,0.0242186382098767,0.8543114331710628,0.512826,0.118,0.038000000000000006,0.49929999999999997,0.084,0.04600000000000004,0.04866950302812516,0.11445748397014588,0.0,0.0,,,0.0,0.16606973340514355,ámbar,verde,rojo,0.021433266000713047,4.014208276000318,,,0.0,0.0,,
flchain,marginal,marginal,control,False,,3,{},1000,1000,5,0.0245,0.22241979204906626,0.0018261319835865522,1.6232284298547133,0.745201187125043,0.7982481838600245,0.14354264633366492,0.09374804803240239,0.05304699673498148,4925.0,0.09746262943258437,0.1802171470112363,4030.9076727595093,4485.685678350048,454.77800559053867,inf,4925.0,0.7649803194767104,0.46134243559228016,0.0,66.66666666666666,100.0,33.33333333333333,4.0,4.075257781930417,0.0,0.42284926395992734,0.0,16.666666666666664,25.0,33.33333333333333,4.0,4.3797171988427825,0.0,0.0,0.472,-0.028000000000000025,0.02359895690157569,0.02278445710161793,0.8426709278245688,0.5177930000000001,0.122,0.050000000000000044,0.50724,0.102,0.04799999999999993,0.07775214227028263,0.13358981029017158,0.03765045469755148,0.10075888546967401,,,0.04676361663051029,0.2274448142827959,ámbar,verde,rojo,0.015040134000628314,3.6971802650004975,,,0.011116006513282742,0.04676361663051029,,
flchain,marginal,marginal,control,False,,4,{},1000,1000,5,0.020999999999999998,0.20749503653223356,0.001619032698998868,1.4391401768878826,0.22622548200621512,0.7991362314966418,0.15816313327513265,0.09875710088285809,0.5729107494904266,4921.1,0.08932491516954758,0.1803392782066804,4058.3144365922,4471.422781019666,413.10834442746636,inf,4914.0,0.7871656790878959,0.4449079894994529,0.0,16.666666666666664,0.0,50.0,3.0,4.4790099825301715,0.0,0.475992496900536,0.0,0.0,0.0,50.0,3.0,4.056928148613232,0.0,0.0,0.523,0.02300000000000002,0.023749150678461964,0.024299687828598926,0.8560871612506848,0.498856,0.105,0.02200000000000002,0.535936,0.104,0.07600000000000001,0.06285331109440888,0.120276183328653,0.0,0.03994412667643272,,,0.1081853686302986,0.27686052533840366,rojo,ámbar,rojo,0.015947868000694143,3.810916093000742,,,0.0,0.1081853686302986,,
flchain,marginal,marginal,control,False,,5,{},1000,1000,5,0.023,0.21639996877741635,0.0016304007526136747,1.4492451134343776,0.2831612944082072,0.8112933527536783,0.14754914129419738,0.09286275135105507,0.5281320583454712,4919.0,0.0792487028402742,0.16062167298320373,4033.070464739282,4396.081803768833,363.011339029551,inf,4922.0,0.5805349617574451,0.45733676338069373,0.0,50.0,50.0,66.66666666666666,2.0,4.3094209743423315,0.0,0.506530754265284,0.0,66.66666666666666,50.0,66.66666666666666,2.0,4.008936515152805,0.0,0.0,0.523,0.02300000000000002,0.023874262671003475,0.02403365423038484,0.8381264735894683,0.498844,0.118,0.043999999999999984,0.5051680000000001,0.118,0.04200000000000004,0.057615535169874804,0.11442655450721184,0.03847829778766193,0.10817079242326236,,,0.016400546890834245,0.20056592871516898,ámbar,verde,rojo,0.017936295000254177,2.8606885299996065,,,0.016400546890834245,0.0,,
flchain,marginal,marginal,control,False,,6,{},1000,1000,5,0.021700000000000004,0.20395392644687885,0.0012445635937666317,1.106278750014784,0.4775248641013927,0.81684597878431,0.14624061190019988,0.09216116612172302,0.33932111468291726,4920.1,0.09070438708140591,0.1510385918105397,4034.6520279833867,4458.093909381471,423.44188139808466,inf,4947.0,0.6430259149350733,0.3155674565779788,0.0,33.33333333333333,33.33333333333333,33.33333333333333,3.0,4.601004392500059,0.0,0.31659935000995443,0.0,16.666666666666664,33.33333333333333,50.0,3.0,5.083101117418277,0.0,0.0,0.524,0.02400000000000002,0.023962096745414888,0.023568745929496183,0.8326204609444682,0.511261,0.092,0.039000000000000035,0.5269240000000001,0.132,0.068,0.03744902998229212,0.09884575447071774,0.05237775924534073,0.10856147010160211,,,0.020424684456942566,0.22018573063538793,ámbar,verde,rojo,0.022892806000527344,4.020571418000145,,,0.0,0.020424684456942566,,
flchain,marginal,marginal,control,False,,7,{},1000,1000,5,0.024,0.20253354241153343,0.001796828475199523,1.5971808668440206,0.685904344114378,0.8026489842320355,0.14791161236123437,0.09693937686012366,0.1167446401176575,4922.0,0.07889043827981157,0.19667810337098718,4056.2366276023195,4416.5859449811605,360.3493173788411,inf,4914.0,0.6200214793269851,0.49642437426909725,0.0,66.66666666666666,50.0,66.66666666666666,2.0,3.9668842380397713,0.0,0.5425303517493069,0.0,66.66666666666666,50.0,66.66666666666666,2.0,3.8161962762198054,0.0,0.0,0.511,0.01100000000000001,0.023202941296327523,0.02411106907301658,0.8376144610695782,0.5031450000000001,0.106,0.026000000000000023,0.48925199999999996,0.126,0.025999999999999995,0.02748449841975853,0.09627439328489105,0.02660696356218325,0.08505229403391863,,,0.010530709344943354,0.14543848381951177,ámbar,verde,rojo,0.014955001999624074,3.650250892999793,,,0.010530709344943354,0.0,,
flchain,marginal,marginal,control,False,,8,{},1000,1000,5,0.021,0.21584729784483647,0.0013481939486867653,1.1983946210549026,0.36961046934596026,0.794317890319135,0.15244565623555728,0.0979969091813046,0.42470742097317477,4922.0,0.09018180089293412,0.19133555699896132,4047.275404862716,4463.630285608373,416.3548807456568,inf,4918.0,0.975883302323445,0.4980020688384928,0.0,33.33333333333333,0.0,83.33333333333334,1.0,4.118229834113438,0.0,0.5431865523370341,0.0,0.0,0.0,83.33333333333334,1.0,4.072456878105168,0.0,0.0,0.539,0.039000000000000035,0.023139842413673353,0.024414584155295335,0.8471579994047933,0.495941,0.098,0.015000000000000013,0.523884,0.132,0.064,0.042345803051731426,0.10083413594056326,0.0,0.05109202352717819,,,0.0,0.2039057096258524,ámbar,verde,rojo,0.03869653800029482,10.611341038000319,,,0.0,0.0,,
flchain,marginal,marginal,control,False,,9,{},1000,1000,5,0.020300000000000002,0.2114135886510781,0.0020781061478814377,1.8472054647835003,0.2175908869550488,0.8001439793347308,0.1538533625987542,0.09606238311768234,0.582553092379682,4919.0,0.0858316284207967,0.17833422706786073,4042.986568305245,4447.641555240267,404.65498693502195,inf,4919.0,0.7266258657602094,0.5227649521038163,0.0,33.33333333333333,0.0,66.66666666666666,2.0,4.404323102588305,0.0,0.5122011278768024,0.0,33.33333333333333,0.0,66.66666666666666,2.0,4.1176176069956005,0.0,0.0,0.482,-0.018000000000000016,0.023185252040742326,0.02326571265438885,0.8586041336476418,0.48680900000000005,0.084,0.007000000000000006,0.487284,0.084,0.018000000000000016,0.058225479196130706,0.11846291970705666,0.0,0.05854899932354824,,,0.06671703522592637,0.24901016520070288,ámbar,verde,rojo,0.03546901699974114,3.406199959999867,,,0.0,0.06671703522592637,,
gbsg2,bootstrap,bootstrap,control,False,,0,{},344,342,5,0.03343023255813953,0.04551832152458139,0.002181366822785759,1.0914766356920742,0.6552523094514489,0.6603376162248368,0.16176555898303926,0.1576280375716064,0.005085306773387921,2001.8999999999999,0.011847910935775086,0.03886387580454509,1414.4816189157732,1424.0622392584196,9.580620342646398,1730.0,1730.0,0.871336994609152,0.7030131971997429,0.41646885319935184,77.77777777777779,100.0,77.77777777777779,0.0,1.2653991266107871,0.0,0.9241143619084871,0.8700705251294878,100.0,100.0,100.0,0.0,0.14454304249052735,0.0,1.0,1.0,0.4985422740524781,0.0,0.020375344166250094,0.0,0.8076673164392463,0.6608187134502924,0.6140350877192983,0.5982695530248624,0.14619883040935672,0.17543859649122806,0.753807671942661,0.824006547104936,0.5959355894527286,0.6950999599850622,0.5899659678963192,0.5581177146185919,0.5899659678963192,0.7199724428151346,rojo,rojo,verde,0.017148084999917046,11.175464497999656,,,,,,
gbsg2,bootstrap,bootstrap,control,False,,1,{},344,342,5,0.036627906976744194,0.04250179539439373,0.002690735007076514,1.3463459526317394,0.648455103867642,0.6572522147112387,0.14992295128603042,0.14806982188889953,0.00879711084359669,2056.6,0.017481137620605096,0.04766116868007281,1428.7372047245328,1458.2215468233167,29.484342098783827,1977.0,2093.0,0.5498031141948825,0.7927864241718203,0.4100229687170115,100.0,100.0,77.77777777777779,2.0,0.8024704354009861,0.0,0.8872388296642072,0.7691847873788847,100.0,100.0,88.88888888888889,1.0,0.4256356654643158,0.0,1.0,1.0,0.4985422740524781,0.0,0.020791861242817723,0.0,0.8294688964125714,0.672514619883041,0.6374269005847953,0.568003830238364,0.1286549707602339,0.15204678362573104,0.7636126195986904,0.8344441019979391,0.6989368024445581,0.785995859863548,0.6005600794308058,0.6905474009966032,0.6905474009966032,0.7991125729734575,rojo,rojo,rojo,0.01884817900008784,10.678697490000104,,,,,,
gbsg2,bootstrap,bootstrap,control,False,,2,{},344,342,5,0.04622093023255813,0.04094028207209811,0.003399765630819992,1.7011190938212033,0.6405088237928872,0.658783481143062,0.1749054309645213,0.16163656405157814,0.01827465735017475,1904.7,0.03406166560777499,0.06452267831134628,1327.5011680754237,1263.994154193997,-63.5070138814267,1601.0,1460.0,0.2701043862055547,0.6828992199574466,0.2952891326411703,100.0,100.0,88.88888888888889,0.0,1.2892961274065642,0.0,0.8865255175664329,0.8158626649905487,100.0,100.0,88.88888888888889,1.0,0.41440619600469536,0.0,1.0,1.0,0.4985422740524781,0.0,0.02085355668678645,0.0,0.8038114291576894,0.6491228070175439,0.6169590643274854,0.5242638760644301,0.10526315789473684,0.08187134502923976,0.8467245125357952,0.9020007192793355,0.5915831762570121,0.6906118891378734,0.593923963767218,0.6241879542708527,0.6241879542708527,0.7501381847105107,rojo,rojo,verde,0.025700121999761905,10.759076602999812,,,,,,
gbsg2,bootstrap,bootstrap,control,False,,3,{},344,342,5,0.02906976744186046,0.04125061988103148,0.001231010761977686,0.6159530212659258,0.6870133729569093,0.6927191679049034,0.15394414001450604,0.15363640291467515,0.005705794947994058,2008.4,0.012092402342279832,0.029989764048590106,1400.3401885612566,1398.1560603031658,-2.184128258090823,1753.0,1806.0,0.9428371316798386,0.8179868513960311,0.6106209819871131,77.77777777777779,100.0,66.66666666666666,1.0,0.755927556688042,0.0,0.9021447385572746,0.7909115756908727,100.0,100.0,88.88888888888889,1.0,0.3547689779966907,0.0,1.0,1.0,0.4985422740524781,0.0,0.021240411544339033,0.0,0.8300075236825006,0.7046783625730995,0.6432748538011696,0.5656783283745426,0.15204678362573099,0.15789473684210525,0.792990023135674,0.860318600566949,0.5830663310206243,0.6817745683134189,0.6483112729191245,0.6005010744658962,0.6483112729191245,0.7742922927879938,rojo,rojo,ámbar,0.022155808999741566,11.045729857999959,,,,,,
gbsg2,bootstrap,bootstrap,control,False,,4,{},344,342,5,0.034883720930232565,0.027292219424542626,0.002270001778183609,1.1358263442838712,0.7017395250340341,0.6857963999394948,0.14847513699889184,0.15031961201859306,-0.015943125094539323,1983.1,0.026686657964486236,0.05720139953605008,1379.8693144650047,1330.5993967970635,-49.26991766794117,1806.0,1525.0,0.4269326943138334,0.8401781723151538,0.4974111090025548,100.0,100.0,66.66666666666666,0.0,0.6306029344132994,0.0,0.9209548120704191,0.8306964472082295,100.0,100.0,88.88888888888889,0.0,0.2625112363497102,0.0,1.0,1.0,0.4985422740524781,0.0,0.020249075100541518,0.0,0.8131732840874115,0.6666666666666666,0.6374269005847953,0.5316507643377449,0.14619883040935672,0.0935672514619883,0.7945881625625233,0.8586662141178778,0.6263332045988378,0.725007248820512,0.6962520903668529,0.6426415007442048,0.6962520903668529,0.8095536930726618,rojo,rojo,verde,0.010458085000209394,1.5168965100001515,,,,,,
gbsg2,bootstrap,bootstrap,control,False,,5,{},344,342,5,0.02558139534883721,0.04229926719904863,0.0014671972709575513,0.7341321617591238,0.6349900596421472,0.6571647040831932,0.16149278634729392,0.15277556963974223,0.022174644441046,2026.1,0.00942116737479879,0.044329265660978334,1398.0108503636156,1394.7895864643353,-3.221263899280302,1814.0,1807.0,0.9237980210357835,0.6980352703094659,0.08770931621941638,88.88888888888889,100.0,88.88888888888889,1.0,1.245237915089041,0.0,0.8830231059136225,0.7642194130930031,88.88888888888889,100.0,88.88888888888889,1.0,0.43794171504026785,0.0,1.0,1.0,0.4985422740524781,0.0,0.019989427267882297,0.0,0.8223384973154133,0.6900584795321637,0.6491228070175439,0.5396874251906569,0.14035087719298245,0.09941520467836251,0.8112282918525465,0.8760360624366087,0.5797298057423856,0.6869454713671073,0.5795518607596958,0.559616786587661,0.5795518607596958,0.7320002340199752,rojo,rojo,ámbar,0.00992774799988183,1.690948156000104,,,,,,
gbsg2,bootstrap,bootstrap,control,False,,6,{},344,342,5,0.02616279069767442,0.047147788333534654,0.0023564654384124,1.179089615729259,0.6602607053663885,0.6858134860205884,0.15397759227264915,0.1496067745437168,0.02555278065419997,2003.2999999999997,0.013451475220051341,0.034110107273542134,1395.4669071797448,1396.553714294327,1.0868071145821432,1753.0,1977.0,0.8639842692854413,0.6804038561979838,0.0,88.88888888888889,100.0,66.66666666666666,1.0,1.5805787289203417,0.0,0.8510086663488079,0.5637382461981824,88.88888888888889,100.0,88.88888888888889,0.0,0.6353540442746018,0.0,1.0,1.0,0.4985422740524781,0.0,0.01978602380909756,0.0,0.7831042030026333,0.6403508771929824,0.6228070175438597,0.49232242399370746,0.10526315789473684,0.040935672514619936,0.8534990256668992,0.9074315578982616,0.5297646618245387,0.6478437661693797,0.5880827208005319,0.5829253718456028,0.5880827208005319,0.7339769414896881,rojo,rojo,ámbar,0.009625790999962192,1.5249486279999473,,,,,,
gbsg2,bootstrap,bootstrap,control,False,,7,{},344,342,5,0.0375,0.04045643902489086,0.0022976181534873305,1.1496445742540242,0.6713590757069018,0.6764670112496199,0.1596666440961176,0.158357607767883,0.005107935542718156,2000.0999999999997,0.02805350962149693,0.055608660467072024,1374.2790397785145,1318.0994282295082,-56.17961154900627,1753.0,1502.0,0.3827106648481311,0.7395353444842958,0.3176413419330049,88.88888888888889,100.0,88.88888888888889,0.0,1.030938392743822,0.0,0.9150919371183078,0.8040056603888603,100.0,100.0,100.0,0.0,0.2749054899815434,0.0,1.0,1.0,0.4985422740524781,0.0,0.01973104687133484,0.0,0.7950053007763073,0.6637426900584795,0.6286549707602339,0.5413973530317021,0.12280701754385964,0.0935672514619883,0.8019294848001234,0.866019912759775,0.5881421555379331,0.6911801675336776,0.44917444003485374,0.5718603019365106,0.5718603019365106,0.695840274364617,rojo,rojo,verde,0.01060443699998359,1.4778810279999561,,,,,,
gbsg2,bootstrap,bootstrap,control,False,,8,{},344,342,5,0.031686046511627916,0.031501962006691,0.0016725468193076484,0.8368816084972088,0.6565274778017759,0.6715262778977682,0.1548918887097047,0.1527326158661903,0.014998800095992304,2016.1,0.011534011850531798,0.032448156624522606,1404.1510921347272,1422.3877321340433,18.23663999931614,1814.0,1989.0,0.7260739707338113,0.8761395441537273,0.7262442749317035,88.88888888888889,100.0,88.88888888888889,1.0,0.502099072916524,0.0,0.9326882176251234,0.8695624896853207,100.0,100.0,88.88888888888889,1.0,0.23985758506746915,0.0,1.0,1.0,0.4985422740524781,0.0,0.02010812873860487,0.0,0.8172514619883041,0.6637426900584795,0.6432748538011696,0.553298450805376,0.13450292397660818,0.1286549707602339,0.7771091854073817,0.8446482890763937,0.629165714675695,0.72693480687709,0.6123357672627823,0.6388366058983133,0.6388366058983133,0.7613137479600767,rojo,rojo,ámbar,0.01144617099998868,1.5831199139997807,,,,,,
gbsg2,bootstrap,bootstrap,control,False,,9,{},344,342,5,0.03575581395348838,0.03277691692832858,0.0024921904329204708,1.2470014675267518,0.682587539926565,0.6779306844980447,0.15292734666589083,0.15316182261529698,-0.004656855428520235,2082.7999999999997,0.009777306147593671,0.06429574892982715,1448.8202789427423,1434.9676188072121,-13.852660135530186,1975.0,1679.0,0.5742349271608922,0.8061069917132531,0.582978281265752,100.0,100.0,100.0,0.0,0.8956187972206602,0.0,0.8819234485023542,0.7279677718321433,100.0,100.0,100.0,0.0,0.4711107100607216,0.0,1.0,1.0,0.4985422740524781,0.0,0.021374945706884647,0.0,0.8190383365821963,0.6871345029239766,0.6374269005847953,0.5832221880236653,0.14035087719298245,0.15204678362573099,0.7994363044796648,0.8631002789769651,0.5753800893246276,0.6872506306399935,0.6783752800939892,0.6907500545497961,0.6907500545497961,0.7967857701180815,rojo,rojo,verde,0.01059726200037403,1.704276327000116,,,,,,
gbsg2,cart,cart,estadístico,False,,0,{},344,342,5,0.027906976744186053,0.04703019202630333,0.0019358175638105775,0.9686127155648562,0.6524237956248308,0.6603376162248368,0.15957828235155025,0.1576280375716064,0.007913820600006005,2001.8999999999999,0.02486462085898684,0.06182514182599408,1414.4816189157732,1366.7153811610394,-47.766237754733766,1730.0,1641.0,0.42370099265518124,0.5763961187535465,0.09687808178582946,55.55555555555556,100.0,88.88888888888889,0.0,1.7793625147928056,0.0,0.755086769994648,0.5898908741805038,66.66666666666666,100.0,100.0,0.0,1.0463361220120777,0.0,0.0,0.6715116279069767,0.1700539019594548,0.01722834201610042,0.021305278160694767,0.7845781872007027,0.5935843507403987,0.21637426900584794,0.16959064327485382,0.5608221333059744,0.12280701754385964,0.12280701754385959,0.7729062917036152,0.8418883204866677,0.0965583705172529,0.2615452013029082,0.07414663762574544,0.08254168172970781,0.08254168172970781,0.3027845825850616,rojo,rojo,verde,0.037765133999982936,1.8067934340001557,,,,,,
gbsg2,cart,cart,estadístico,False,,1,{},344,342,5,0.02848837209302326,0.042529906835862656,0.0024612148125613877,1.2315023934852616,0.6450288606969781,0.6572522147112387,0.15099852958616244,0.14806982188889953,0.012223354014260668,2056.6,0.01679903650406462,0.06328140206893901,1428.7372047245328,1446.8253527285183,18.088148003985452,1977.0,2286.0,0.581281604381091,0.7687137727002921,0.47887040567544004,88.88888888888889,100.0,55.55555555555556,3.0,0.9599708079027524,0.0,0.8469796785319412,0.6748361006636048,100.0,100.0,55.55555555555556,4.0,0.640692008709827,0.0,0.0029069767441860465,0.627906976744186,0.12644925079666414,0.01673437906395043,0.020484356685684754,0.7917120958083468,0.6035959782497179,0.20760233918128654,0.16374269005847952,0.5816490544099039,0.15789473684210525,0.16959064327485385,0.7878725945635374,0.8556596574548296,0.14885785165020485,0.2996643517012051,0.13141835970570798,0.22347295954635657,0.22347295954635657,0.3930195791786605,rojo,rojo,rojo,0.038086333999672206,1.933488435000072,,,,,,
gbsg2,cart,cart,estadístico,False,,2,{},344,342,5,0.0438953488372093,0.041027771552229315,0.003552034262885988,1.7773087802658616,0.6019887127116367,0.658783481143062,0.17989485363329244,0.16163656405157814,0.05679476843142528,1904.7,0.04006464159225857,0.08001023503412485,1327.5011680754237,1252.6954241288872,-74.8057439465365,1601.0,1460.0,0.18779368302493354,0.6616853964936085,0.20683181144031915,88.88888888888889,100.0,66.66666666666666,2.0,1.2661538854674617,0.0,0.798407150089257,0.48873680618978066,100.0,100.0,77.77777777777779,2.0,0.8150483757582971,0.0,0.0029069767441860465,0.625,0.12354227405247808,0.01806495752949456,0.020955495815149557,0.792323071985696,0.5663110016757293,0.19298245614035087,0.11695906432748537,0.545945761088882,0.13450292397660818,0.11695906432748543,0.8348116090441978,0.8907587077732662,0.2282288757680523,0.3820204325639587,0.0,0.19371350304957494,0.19371350304957494,0.3825874398060688,rojo,rojo,rojo,0.07500246700010393,1.7823894729999665,,,,,,
gbsg2,cart,cart,estadístico,False,,3,{},344,342,5,0.04040697674418605,0.04296130156261647,0.0018747456850555363,0.9380545682314246,0.6747102526002972,0.6927191679049034,0.1570699022162326,0.15363640291467515,0.018008915304606243,2008.4,0.035106713653832125,0.09762802463551878,1400.3401885612566,1470.7283485529917,70.38815999173517,1753.0,2286.0,0.1487921220727614,0.6933830960149714,0.41270939194819856,66.66666666666666,100.0,88.88888888888889,0.0,1.2677640656260125,0.0,0.8330246488808415,0.5797101083534684,100.0,100.0,100.0,0.0,0.6456862962787252,0.0,0.0,0.6395348837209303,0.13807715777340834,0.01797597243318998,0.021859626854469662,0.7890795590356895,0.5895574706747375,0.2134502923976608,0.15497076023391815,0.5625662597038404,0.14619883040935672,0.1403508771929825,0.7363239419702471,0.8109450691010985,0.25426357068176403,0.3958608071582894,0.3765331485614884,0.010535106569577212,0.3765331485614884,0.5308795751091651,rojo,rojo,verde,0.051624020999952336,1.7831339250001292,,,,,,
gbsg2,cart,cart,estadístico,False,,4,{},344,342,5,0.0383720930232558,0.04309921855550137,0.002006612313509477,1.0040358339596511,0.6274391166238088,0.6857963999394948,0.16534318641793685,0.15031961201859306,0.058357283315686015,1983.1,0.035654164200760244,0.0673680786574728,1379.8693144650047,1309.1841527252345,-70.68516173977014,1806.0,1521.0,0.20623184247394666,0.6538149307105704,0.34624780816553635,66.66666666666666,100.0,44.44444444444444,2.0,1.2556020214749415,0.0,0.7906432698844621,0.5757546505933091,66.66666666666666,100.0,55.55555555555556,2.0,0.8500326167429786,0.0,0.0,0.5988372093023255,0.09737948335480362,0.019237737054689733,0.020890835411643036,0.8000189427271185,0.5620618309907323,0.1608187134502924,0.11111111111111113,0.5082247529154269,0.16374269005847952,0.07602339181286549,0.824866379011315,0.884524968919965,0.18978486515662216,0.3442391300821686,0.20751768352605499,0.19482693846276303,0.20751768352605499,0.4145272306520866,rojo,rojo,rojo,0.0369736859997829,1.6832279509999353,,,,,,
gbsg2,cart,cart,estadístico,False,,5,{},344,342,5,0.030523255813953487,0.03330924684535424,0.0016117345396920652,0.8064533551331933,0.6338278024162716,0.6571647040831932,0.15648664246443275,0.15277556963974223,0.023336901666921595,2026.1,0.009877627235787098,0.023897567164347544,1398.0108503636156,1404.3733342032615,6.362483839645847,1814.0,1814.0,0.791922760259307,0.5660691321162516,0.2803762272741746,66.66666666666666,50.0,55.55555555555556,2.0,1.6766825269043057,0.0,0.8239547607412724,0.691540471186098,100.0,100.0,77.77777777777779,2.0,0.7366610838115039,0.0,0.0,0.6191860465116279,0.11772832056410598,0.017852643665022837,0.0206253932721982,0.803527544462841,0.5881296809274649,0.21637426900584794,0.16374269005847955,0.504736500119695,0.1286549707602339,0.06432748538011696,0.8188107357215566,0.8793969920927065,0.019062010064550404,0.20581782362352835,0.011916007010738788,0.02972630120222281,0.02972630120222281,0.24232275069438375,rojo,rojo,rojo,0.08816280899964113,1.8054339759996765,,,,,,
gbsg2,cart,cart,estadístico,False,,6,{},344,342,5,0.026453488372093027,0.04511251228185487,0.0013478168928373043,0.6743985616524111,0.6907473959919596,0.6858134860205884,0.14903275017726828,0.1496067745437168,-0.004933909971371109,2003.2999999999997,0.018233771532276104,0.04040687416715061,1395.4669071797448,1359.4764661075226,-35.99044107222221,1753.0,1641.0,0.5628210664819691,0.70967699552867,0.3067460477449986,77.77777777777779,100.0,77.77777777777779,2.0,1.0785564964217218,0.0,0.775270148142298,0.4054736999014346,100.0,100.0,77.77777777777779,2.0,0.8503679533787193,0.0,0.0029069767441860465,0.5988372093023255,0.09737948335480362,0.018554695132279656,0.021645177460794425,0.7984294338439548,0.5527256249786259,0.1608187134502924,0.11695906432748537,0.483362402106631,0.0935672514619883,0.03508771929824561,0.8209664918397024,0.8807572130509767,0.03480660121567113,0.202988147142378,0.20424684456942613,0.1585402730785215,0.20424684456942613,0.38360803685811057,rojo,rojo,rojo,0.035594004999893514,1.7839974970002004,,,,,,
gbsg2,cart,cart,estadístico,False,,7,{},344,342,5,0.03110465116279071,0.048639885073113676,0.0014871863572997275,0.7441339736888818,0.6453633323198541,0.6764670112496199,0.16650992489540195,0.158357607767883,0.031103678929765843,2000.0999999999997,0.01261879275628944,0.02959514040171346,1374.2790397785145,1370.0777617445606,-4.20127803395394,1753.0,1753.0,0.9594781499386926,0.5526864715143954,0.17768559130520775,88.88888888888889,100.0,66.66666666666666,1.0,1.8380251591624368,0.0,0.791402310889384,0.532080202307113,77.77777777777779,100.0,88.88888888888889,1.0,0.8827290668805462,0.0,0.0029069767441860465,0.6686046511627907,0.16714692521526875,0.01713023729453883,0.02082775989429196,0.7929963940620286,0.5905919770185698,0.2222222222222222,0.17543859649122806,0.5262131938032215,0.0935672514619883,0.07602339181286555,0.7924723032427695,0.8547867593093632,0.20013220498247924,0.34844537933676567,0.07700133257740356,0.0,0.07700133257740356,0.3121831382736103,rojo,rojo,ámbar,0.05333387500013487,1.9622138879999511,,,,,,
gbsg2,cart,cart,estadístico,False,,8,{},344,342,5,0.02906976744186047,0.043929205011462504,0.0013382334287489722,0.669603344712213,0.6516078713702904,0.6715262778977682,0.15647931598103498,0.1527326158661903,0.019918406527477783,2016.1,0.009523227675286261,0.03194146858243252,1404.1510921347272,1387.2272815659367,-16.923810568790486,1814.0,1814.0,0.8739241060251828,0.7275688646495131,0.48074221374359216,77.77777777777779,100.0,88.88888888888889,1.0,1.0696214807620263,0.0,0.7604875249394711,0.45945974745975304,88.88888888888889,100.0,77.77777777777779,2.0,0.9354893834147026,0.0,0.0,0.625,0.12354227405247808,0.016750908936295616,0.01912910661832043,0.7914353084591903,0.5857272323107965,0.23684210526315788,0.14912280701754388,0.5127047638589651,0.1111111111111111,0.052631578947368474,0.7689746927364425,0.8366978392711484,0.2952738240175324,0.4335586834602678,0.13763638146395432,0.0,0.13763638146395432,0.3591852104133165,rojo,rojo,ámbar,0.03523928100003104,1.743428896000296,,,,,,
gbsg2,cart,cart,estadístico,False,,9,{},344,342,5,0.0377906976744186,0.042063370715420885,0.0024909464711449832,1.2463790342892715,0.6581091972894714,0.6779306844980447,0.15902679377942594,0.15316182261529698,0.019821487208573352,2082.7999999999997,0.038979653382223436,0.06714862403841598,1448.8202789427423,1530.0291115695159,81.20883262677353,1975.0,2039.0,0.16495893436289197,0.7750910472585569,0.5793325329961281,88.88888888888889,100.0,66.66666666666666,2.0,0.9269438655442102,0.0,0.9034056743496327,0.811772902977618,100.0,100.0,66.66666666666666,2.0,0.30337842585568064,0.0,0.0,0.6453488372093024,0.14389111126178045,0.018354247062020615,0.0216768929947077,0.8021175443204878,0.5814780616257994,0.20175438596491227,0.16081871345029242,0.5164666051092643,0.1286549707602339,0.08771929824561409,0.824866379011315,0.884524968919965,0.20352655652666016,0.35417957177955905,0.0,0.0612740533708277,0.0612740533708277,0.256668336587936,rojo,rojo,rojo,0.03639892399996825,1.522356001999924,,,,,,
gbsg2,copula,copula,estadístico,False,,0,{},344,342,5,0.037209302325581395,0.058024066813272934,0.0021871636896556744,1.094377177078621,0.6169169199289862,0.6603376162248368,0.16863544422372218,0.1576280375716064,0.04342069629585055,2001.8999999999999,0.026468480226021062,0.06683384419922511,1414.4816189157732,1455.7398257797256,41.25820686395241,1730.0,1821.0,0.8599218023992781,0.6472331479292134,0.09303859255115712,66.66666666666666,66.66666666666666,77.77777777777779,1.0,1.3842880339270347,0.0,0.7504409667530495,0.5182269759195667,88.88888888888889,100.0,88.88888888888889,1.0,1.0419239769481667,0.0,0.0,0.5116279069767442,0.010170181029222292,0.02225675255559794,0.023144218305375417,0.8500306433714959,0.51649225402688,0.10818713450292397,0.04385964912280704,0.552922266680346,0.1286549707602339,0.10526315789473684,0.09881923438554933,0.19586033122795488,0.0,0.09303599234313131,0.0,0.0,0.0,0.2343610507513422,ámbar,verde,ámbar,0.01969471300026271,1.7213456100002986,,,,,,
gbsg2,copula,copula,estadístico,False,,1,{},344,342,5,0.027906976744186053,0.05874489742813152,0.002433516605227434,1.2176432177428904,0.6007655029786708,0.6572522147112387,0.15739427673965747,0.14806982188889953,0.05648671173256792,2056.6,0.02049853926193471,0.049146346176071054,1428.7372047245328,1446.8071894871161,18.069984762583317,1977.0,1807.0,0.7521678942647603,0.5897184924959908,0.11164780329384076,66.66666666666666,60.0,66.66666666666666,3.0,1.409574865606709,0.0,0.7408058327740092,0.41210419232172846,88.88888888888889,100.0,55.55555555555556,4.0,0.9708993041173795,0.0,0.0,0.49709302325581395,-0.004364702691707967,0.02446244772092856,0.023947741872328676,0.8698388021789725,0.5369002428097535,0.12573099415204678,0.08479532163742692,0.5535378407031223,0.1286549707602339,0.11695906432748543,0.10960548166179034,0.204311291947188,0.0076382098121809275,0.15207494602040317,0.0,0.19458726895878992,0.19458726895878992,0.35981981743792013,rojo,ámbar,rojo,0.019839029000195296,1.6844986770001924,,,,,,
gbsg2,copula,copula,estadístico,False,,2,{},344,342,5,0.03691860465116279,0.07562834108785975,0.00115326716067165,0.5770529502124329,0.6339395025232166,0.658783481143062,0.17154099802204714,0.16163656405157814,0.02484397861984533,1904.7,0.04046448346875567,0.10754568128597386,1327.5011680754237,1356.2691285054266,28.76796043000286,1601.0,1587.0,0.8289278556747304,0.5454783196454401,0.2323249387268948,55.55555555555556,75.0,44.44444444444444,2.0,1.6565366411551743,0.0,0.691816589434545,0.3911868184252022,77.77777777777779,100.0,66.66666666666666,3.0,1.1093005867152488,0.0,0.0,0.563953488372093,0.06249576242457111,0.02329951289975042,0.02481572601061395,0.8467111368902207,0.5145685852057043,0.13742690058479531,0.05555555555555558,0.530932594644506,0.14619883040935672,0.06432748538011701,0.11635611410958863,0.2123913893153656,0.007878933604036421,0.1585236711319417,0.0,0.19833984248888073,0.19833984248888073,0.35893747327744724,rojo,ámbar,rojo,0.02373653499989814,1.7647303740000098,,,,,,
gbsg2,copula,copula,estadístico,False,,3,{},344,342,5,0.03313953488372092,0.0663113629138231,0.0010567599331722025,0.5287642429254366,0.6856166419019316,0.6927191679049034,0.1559050798118243,0.15363640291467515,0.007102526002971787,2008.4,0.036354405773056465,0.06661280172861883,1400.3401885612566,1454.5937626192858,54.253574058029244,1753.0,1865.0,0.6782900884067651,0.8075024012881212,0.6404447196433941,88.88888888888889,100.0,88.88888888888889,0.0,0.7192774126589059,0.0,0.8912182751607679,0.7829756852407532,88.88888888888889,100.0,88.88888888888889,1.0,0.4052912607828707,0.0,0.0,0.5494186046511628,0.04796087870364085,0.024852556883256147,0.025564544415234113,0.838266014151912,0.5079853630176806,0.10818713450292397,0.07017543859649122,0.519031496870832,0.14619883040935672,0.07017543859649122,0.013644685235634215,0.11042560262089654,0.015394002243345714,0.16102015568008496,0.020218209185493483,0.0,0.020218209185493483,0.21806820032785706,verde,verde,verde,0.05067564899991339,1.7297082049999517,,,,,,
gbsg2,copula,copula,estadístico,False,,4,{},344,342,5,0.029360465116279065,0.06854528787025399,0.0020191132797117333,1.010290862866671,0.6707306005142943,0.6857963999394948,0.1538214811358444,0.15031961201859306,0.015065799425200477,1983.1,0.03332278917766549,0.07693522989198709,1379.8693144650047,1421.3187102200063,41.44939575500166,1806.0,1762.0,0.6605759733430392,0.8273362308699347,0.6011245665771104,100.0,100.0,88.88888888888889,0.0,0.7044179630812101,0.0,0.8208664811035732,0.6627907104835804,100.0,100.0,77.77777777777779,2.0,0.7284095827852134,0.0,0.0,0.5174418604651163,0.015984134517594395,0.024269590564955954,0.024069145225992943,0.8703078561580233,0.4988457987072945,0.1111111111111111,0.05263157894736842,0.47744605177661503,0.0935672514619883,0.03508771929824561,0.16979951409305058,0.2652059935926625,0.007878933604036421,0.1585236711319417,0.03095313064864046,0.11773856083472811,0.11773856083472811,0.3000788795034529,ámbar,ámbar,verde,0.021737914999903296,1.606864534000124,,,,,,
gbsg2,copula,copula,estadístico,False,,5,{},344,342,5,0.03546511627906977,0.07028323338392828,0.002089525680266887,1.0455226676535405,0.6282612020186573,0.6571647040831932,0.1565849377239317,0.15277556963974223,0.028903502064535846,2026.1,0.027023470388379,0.10382476376198985,1398.0108503636156,1410.7911146981944,12.78026433457876,1814.0,1781.0,0.7158183037551453,0.6717629266014459,0.4427625352272472,66.66666666666666,100.0,77.77777777777779,2.0,1.2308971701668454,0.0,0.7484672040198164,0.5282754126654757,100.0,100.0,77.77777777777779,2.0,0.8345492767964531,0.0,0.0,0.5465116279069767,0.0450539019594548,0.025870515211941676,0.025628266652987237,0.8611221002335652,0.5401833042645601,0.11403508771929824,0.07309941520467833,0.5052836770288294,0.08771929824561403,0.05263157894736836,0.09332751502966986,0.19156287610960526,0.12507290149007888,0.25731279890518877,0.0,0.15940385874226057,0.15940385874226057,0.3206432528270028,rojo,ámbar,rojo,0.021752749999905063,1.4608249180000712,,,,,,
gbsg2,copula,copula,estadístico,False,,6,{},344,342,5,0.03459302325581396,0.07255625120743117,0.000869023401861578,0.4348277094405568,0.6632758725711153,0.6858134860205884,0.15706259918048146,0.1496067745437168,0.022537613449473137,2003.2999999999997,0.03727074582882563,0.128734495599167,1395.4669071797448,1410.441331192756,14.97442401301123,1753.0,1722.0,0.6111402283984548,0.7537509074218358,0.3406240225854023,100.0,100.0,66.66666666666666,3.0,0.8570512993938436,0.0,0.6618483100192228,0.30902625438807396,77.77777777777779,100.0,66.66666666666666,3.0,1.1757908443502507,0.0,0.0,0.5552325581395349,0.053774832192012956,0.023520344620701017,0.02492901025406561,0.8459063006416566,0.4918863923942409,0.07894736842105263,0.032163742690058506,0.4709483259806436,0.08771929824561403,0.023391812865497075,0.1679398405952407,0.26778744147388733,0.024809641941700822,0.1839742507094917,0.2316515106652262,0.028593015096825554,0.2316515106652262,0.3932081690811873,rojo,ámbar,rojo,0.02198686700012331,1.5400845450003544,,,,,,
gbsg2,copula,copula,estadístico,False,,7,{},344,342,5,0.03808139534883721,0.07282188416685914,0.0025780918903214995,1.2899834331208666,0.6539373669808453,0.6764670112496199,0.15922400027757627,0.158357607767883,0.022529644268774685,2000.0999999999997,0.028906407439645784,0.0719837981874979,1374.2790397785145,1426.6132524392904,52.33421266077585,1753.0,1733.0,0.9017716851135897,0.49568713121015623,0.2601369824249033,66.66666666666666,75.0,55.55555555555556,3.0,2.0614127481908073,0.0,0.7293963860376442,0.5607187916309243,66.66666666666666,100.0,55.55555555555556,3.0,1.022598067366802,0.0,0.0,0.5465116279069767,0.0450539019594548,0.023502390170914874,0.02407838016243637,0.8435585711879272,0.5031377175883177,0.12280701754385964,0.04385964912280704,0.4707089360828973,0.08771929824561403,0.023391812865497075,0.12608479029791217,0.21863543366743468,0.0,0.05736309532363899,0.0,0.0,0.0,0.18277501444141536,rojo,ámbar,rojo,0.02033208500006367,1.6629481150002903,,,,,,
gbsg2,copula,copula,estadístico,False,,8,{},344,342,5,0.03837209302325582,0.06872958325095353,0.002819707710114887,1.410879203315667,0.6351691864650828,0.6715262778977682,0.1610949174220506,0.1527326158661903,0.036357091432685396,2016.1,0.0200579066381542,0.07045746076460191,1404.1510921347272,1413.3881029257395,9.23701079101238,1814.0,1706.0,0.5898645819773511,0.7051279334970654,0.2455194933472685,100.0,100.0,55.55555555555556,1.0,1.0258207163509945,0.0,0.7324136348499664,0.49004748126545405,77.77777777777779,100.0,66.66666666666666,2.0,1.07046735607292,0.0,0.0,0.5058139534883721,0.004356227540850188,0.024749086530671073,0.02464040904256369,0.847456729843411,0.52141684620909,0.11403508771929824,0.07602339181286552,0.4957764782326186,0.0935672514619883,0.04678362573099415,0.11030047081983023,0.20625333676663066,0.0,0.06689529218710656,0.032636816735946254,0.10176327826333008,0.10176327826333008,0.2602863763660544,ámbar,ámbar,ámbar,0.021769029000097362,1.5545502790000683,,,,,,
gbsg2,copula,copula,estadístico,False,,9,{},344,342,5,0.028488372093023257,0.0612757995538535,0.0014472290325022294,0.7241407813538427,0.6653929968058748,0.6779306844980447,0.15630662068320653,0.15316182261529698,0.012537687692169897,2082.7999999999997,0.03478613626239067,0.08891044303648099,1448.8202789427423,1480.9770420522354,32.15676310949311,1975.0,1794.0,0.8549128149126691,0.7986060683069911,0.5695530868031109,77.77777777777779,100.0,77.77777777777779,1.0,0.6811599792438351,0.0,0.7764088047453142,0.5924766072248863,88.88888888888889,100.0,77.77777777777779,2.0,0.8151551022404289,0.0,0.0,0.5232558139534884,0.0217980880059665,0.024839791069626017,0.02565720243907029,0.8603529082433402,0.5232293697205979,0.0935672514619883,0.05555555555555555,0.4962210594712903,0.09941520467836257,0.03508771929824561,0.0533073715292428,0.1385039157683553,0.015394002243345714,0.16102015568008496,0.0,0.0,0.0,0.2108062468336408,ámbar,verde,ámbar,0.019439086000147654,1.4306985419998455,,,,,,
gbsg2,dpcopula,dpcopula(ε=0.5),privacidad diferencial,True,0.5,0,"{""epsilon"": 0.5}",344,342,5,0.5665697674418605,0.24300471709873478,0.249793619082413,124.98764358450919,0.49255258327565976,0.6603376162248368,0.28095339366486244,0.1576280375716064,0.16778503294917702,2001.8999999999999,0.293379573246065,0.5593681705526139,1414.4816189157732,2001.8999999999999,587.4183810842267,1730.0,inf,1.034353611806791e-48,0.0,0.0,0.0,0.0,0.0,3.0,,9.0,0.4449287936167941,0.0,66.66666666666666,66.66666666666666,55.55555555555556,3.0,19.548670526288685,1.0,0.0,0.5203488372093024,0.018891111261780447,0.17275467374095288,0.17312007317807637,0.9523614989654963,0.508754830546151,0.09064327485380116,0.05847953216374269,0.5235799049280121,0.10526315789473684,0.07602339181286555,0.031172176197111528,0.07862129306111092,0.0,0.009504803894887014,0.08960524672196751,0.08180178915761756,0.08960524672196751,0.2260774955326928,ámbar,verde,rojo,0.03902125000013257,1.668339527000171,,,,,,
gbsg2,dpcopula,dpcopula(ε=0.5),privacidad diferencial,True,0.5,1,"{""epsilon"": 0.5}",344,342,5,0.42906976744186043,0.22265680505097624,0.23122766831653185,115.69791694674466,0.5395561317405932,0.6572522147112387,0.19542228176561574,0.14806982188889953,0.11769608297064549,2056.6,0.17082861398656451,0.27991208170684106,1428.7372047245328,1780.2655517109008,351.528346986368,1977.0,3249.0,3.915190986628913e-12,0.3771811126021451,0.0,55.55555555555556,40.0,22.22222222222222,4.0,2.8693014982816525,0.0,0.2940940734599374,0.0,55.55555555555556,40.0,22.22222222222222,5.0,11.568033022030916,0.0,0.0,0.4418604651162791,-0.05959726083124284,0.17764315171132905,0.17220055852708321,0.9531030493543855,0.5009233610341643,0.06432748538011696,0.04970760233918137,0.4465647549673404,0.0935672514619883,0.0292397660818714,0.00043169470687056576,0.05547742416227125,0.0,0.08371045281286782,0.0,0.03480660121567113,0.03480660121567113,0.202988147142378,ámbar,verde,rojo,0.030532128999766428,2.084274524999728,,,,,,
gbsg2,dpcopula,dpcopula(ε=0.5),privacidad diferencial,True,0.5,2,"{""epsilon"": 0.5}",344,342,5,0.475,0.2637212608833147,0.24986931897450743,125.02552105778989,0.4566275493445609,0.658783481143062,0.2896813856891668,0.16163656405157814,0.20215593179850105,1904.7,0.10612936800139694,0.2621977176492123,1327.5011680754237,1520.814534883721,193.31336680829736,1601.0,1707.0,0.2696549396699854,0.28098778387655404,0.0,33.33333333333333,25.0,22.22222222222222,4.0,2.334123850490894,2.0,0.29024311104805073,0.0,33.33333333333333,25.0,22.22222222222222,4.0,2.368873300224451,2.0,0.0,0.4186046511627907,-0.0828530747847312,0.1625061746684459,0.1637360554140943,0.9527207331688634,0.5010003077870113,0.11988304093567251,0.03508771929824561,0.47638589651516705,0.14035087719298245,0.05847953216374269,0.0,0.02717700712705961,0.0,0.026871820820105655,0.0,0.0,0.0,0.1488699458291895,ámbar,verde,rojo,0.04941263799992157,1.8945803719998366,,,,,,
gbsg2,dpcopula,dpcopula(ε=0.5),privacidad diferencial,True,0.5,3,"{""epsilon"": 0.5}",344,342,5,0.4816860465116279,0.2224003499761885,0.2099195363973157,105.0361025755296,0.5,0.6927191679049034,0.27475135407054535,0.15363640291467515,0.1927191679049034,2008.4,0.30270712904675234,0.5623300073203674,1400.3401885612566,2008.4,608.0598114387435,1753.0,inf,3.635036235756238e-48,0.0,0.0,0.0,0.0,0.0,3.0,,9.0,0.0,0.0,0.0,0.0,0.0,3.0,,9.0,0.0,0.46511627906976744,-0.03634144687775448,0.12975619817136289,0.12457443000835912,0.9533142333010736,0.5083444478643001,0.1023391812865497,0.06140350877192979,0.5255634212236244,0.09941520467836257,0.10526315789473684,0.016388981192979105,0.07346529119138125,0.0,0.06740280146960925,0.06310813170100744,0.0,0.06310813170100744,0.2356198701475557,ámbar,verde,rojo,0.0391891620001843,1.329028216000097,,,,,,
gbsg2,dpcopula,dpcopula(ε=0.5),privacidad diferencial,True,0.5,4,"{""epsilon"": 0.5}",344,342,5,0.483720930232558,0.20172480522039266,0.24929771287589153,124.73951015171882,0.4007865678414763,0.6857963999394948,0.38330772105704375,0.15031961201859306,0.2850098320980185,1983.1,0.07719571469895882,0.19130877376029048,1379.8693144650047,1227.0078488372096,-152.86146562779504,1806.0,1564.0,0.0008880118446492964,0.3115944896165328,0.0,44.44444444444444,0.0,55.55555555555556,3.0,2.9340387026950534,0.0,0.32590613664122836,0.0,44.44444444444444,0.0,55.55555555555556,3.0,2.9139363405439505,0.0,0.0,0.40406976744186046,-0.09738795850566145,0.16716768005782084,0.1641102853607583,0.9286026970320909,0.5363701651790294,0.12573099415204678,0.0935672514619883,0.5051810813583666,0.10526315789473684,0.07017543859649122,0.0,0.05339950141429284,0.04101025333576836,0.19758344605099204,0.08532374933272098,0.008552803297098665,0.08532374933272098,0.22896138124089144,ámbar,verde,rojo,0.0801746990000538,2.2110433490001924,,,,,,
gbsg2,dpcopula,dpcopula(ε=0.5),privacidad diferencial,True,0.5,5,"{""epsilon"": 0.5}",344,342,5,0.4075581395348838,0.25410373605128334,0.23069301127302178,115.43039400424652,0.4557883468420248,0.6571647040831932,0.2251540282126245,0.15277556963974223,0.20137635724116837,2026.1,0.22130332939854638,0.3637577224144606,1398.0108503636156,1841.0182360896315,443.00738572601585,1814.0,3425.0,1.8797616453502392e-17,0.3441807327718249,0.0,44.44444444444444,25.0,55.55555555555556,4.0,5.451316634881451,0.0,0.3346294403860671,0.0,44.44444444444444,25.0,55.55555555555556,3.0,6.058887260825206,0.0,0.0,0.49709302325581395,-0.004364702691707967,0.15321892008916418,0.1515387318776214,0.9448639399439427,0.49625525802811116,0.07894736842105263,0.029239766081871343,0.5059676481652474,0.10526315789473684,0.05847953216374269,0.0,0.004450471861658936,0.0,0.07453391177948586,0.0,0.0636822557269264,0.0636822557269264,0.2377955077625584,ámbar,verde,rojo,0.04701519399986864,2.064386447999823,,,,,,
gbsg2,dpcopula,dpcopula(ε=0.5),privacidad diferencial,True,0.5,6,"{""epsilon"": 0.5}",344,342,5,0.38488372093023254,0.20898664719550727,0.2322814457084177,116.22518883446645,0.5492172747761467,0.6858134860205884,0.19949738714900503,0.1496067745437168,0.13659621124444177,2003.2999999999997,0.21114803261293966,0.32606986281599754,1395.4669071797448,1818.7168713325723,423.2499641528275,1753.0,3214.0,2.0722109569016283e-19,0.3749035954056392,0.0,77.77777777777779,100.0,33.33333333333333,2.0,2.468374414158316,0.0,0.4498181762820664,0.0,77.77777777777779,100.0,33.33333333333333,2.0,2.2352846667655824,0.0,0.0,0.44476744186046513,-0.056690284087056786,0.17602211293977882,0.17815589873869211,0.9501711075897951,0.49912793680106704,0.08187134502923976,0.03801169590643272,0.4928696009028419,0.0935672514619883,0.05847953216374269,0.0,0.043090475747375234,0.0,0.08270296212270412,0.1085373954618996,0.0,0.1085373954618996,0.32786720808685255,rojo,ámbar,rojo,0.03224396899986459,1.8894254329998148,,,,,,
gbsg2,dpcopula,dpcopula(ε=0.5),privacidad diferencial,True,0.5,7,"{""epsilon"": 0.5}",344,342,5,0.4453488372093023,0.2683768506250084,0.2496926277196808,124.93711117901118,0.4442079659470964,0.6764670112496199,0.26995224306176124,0.158357607767883,0.23225904530252356,2000.0999999999997,0.27132630993152124,0.4344783690000707,1374.2790397785145,1917.218855183286,542.9398154047715,1753.0,3087.0,4.556448486906093e-31,0.453580207895514,0.0,77.77777777777779,75.0,22.22222222222222,3.0,2.9661604775070867,0.0,0.5120083762386985,0.10663671786847609,77.77777777777779,75.0,55.55555555555556,3.0,2.2528345745291714,0.0,0.0,0.4796511627906977,-0.02180656315682422,0.1987559765232484,0.20137100823382464,0.9578603940176724,0.48630347799322865,0.09649122807017543,0.04385964912280704,0.4878424130501693,0.1111111111111111,0.040935672514619825,0.0,0.043090475747375234,0.0,0.03052582877071865,0.01627064864969505,0.0,0.01627064864969505,0.1727725750326671,ámbar,verde,rojo,0.03166915700012396,2.087334205999923,,,,,,
gbsg2,dpcopula,dpcopula(ε=0.5),privacidad diferencial,True,0.5,8,"{""epsilon"": 0.5}",344,342,5,0.43401162790697667,0.22464146934719775,0.24289586429931365,121.53625791849294,0.5437664986801056,0.6715262778977682,0.22846018330618467,0.1527326158661903,0.12775977921766257,2016.1,0.21719273038659878,0.32559904518707206,1404.1510921347272,1842.421396735159,438.2703046004319,1814.0,2617.0,1.7605947445042252e-18,0.1459440968091057,0.0,44.44444444444444,33.33333333333333,44.44444444444444,2.0,4.75316917120761,0.0,0.09364183821855038,0.0,44.44444444444444,33.33333333333333,44.44444444444444,2.0,4.780032119897146,0.0,0.0,0.5261627906976745,0.02470506475015255,0.18709774040339633,0.19450108703286229,0.9453472636003224,0.4931688382750248,0.10526315789473684,0.040935672514619936,0.509626893745084,0.06432748538011696,0.07602339181286544,0.0,0.03662039803837558,0.0,0.0732048170687498,0.0,0.0,0.0,0.17806367451772373,ámbar,verde,rojo,0.05647770199993829,1.7549975950000771,,,,,,
gbsg2,dpcopula,dpcopula(ε=0.5),privacidad diferencial,True,0.5,9,"{""epsilon"": 0.5}",344,342,5,0.4642441860465117,0.2069656824510566,0.2497957459847176,124.98870780908051,0.5916594525209707,0.6779306844980447,0.17552749567235026,0.15316182261529698,0.08627123197707398,2082.7999999999997,0.1266706499669004,0.2562737182314858,1448.8202789427423,1695.7091050377694,246.88882609502707,1975.0,3192.0,1.4516310411504502e-07,0.21929003869705052,0.0,66.66666666666666,50.0,22.22222222222222,2.0,2.3354730420863326,2.0,0.19856944235096746,0.0,66.66666666666666,50.0,22.22222222222222,2.0,2.665495108238543,2.0,0.0,0.47674418604651164,-0.024713539901010273,0.19062642004440764,0.18758974920505517,0.9679795753120934,0.5145685852057044,0.12280701754385964,0.04385964912280699,0.5563763209192572,0.15204678362573099,0.12865497076023397,0.0,0.036984372672532406,0.0,0.09195553426837946,0.07624804025820141,0.07414663762574544,0.07624804025820141,0.3027845825850616,ámbar,verde,rojo,0.03676040400023339,1.9489125589998366,,,,,,
gbsg2,dpcopula,dpcopula(ε=1),privacidad diferencial,True,1.0,0,"{""epsilon"": 1.0}",344,342,5,0.4276162790697674,0.25106044378331765,0.2497985341305708,124.99010289587832,0.625071465109981,0.6603376162248368,0.2772706903357474,0.1576280375716064,0.03526615111485576,2001.8999999999999,0.22644520893300368,0.4590825588033505,1414.4816189157732,1864.3092291750809,449.8276102593077,1730.0,3636.0,7.309068260090853e-27,0.18141684741537556,0.0,66.66666666666666,66.66666666666666,44.44444444444444,1.0,4.901607167180288,1.0,0.2233392869070316,0.0,66.66666666666666,66.66666666666666,33.33333333333333,2.0,3.910703247464037,1.0,0.0,0.35755813953488375,-0.14389958641263817,0.14660386610360654,0.1445899787601569,0.9552094844820167,0.5058907014124004,0.08187134502923976,0.05847953216374269,0.5137307205635921,0.12280701754385964,0.09941520467836262,0.0,0.05530892661425741,0.0,0.03699759882846218,0.026567309790376796,0.035480940390540394,0.035480940390540394,0.19870425465060096,ámbar,verde,rojo,0.0355867949997446,1.7071882019999975,,,,,,
gbsg2,dpcopula,dpcopula(ε=1),privacidad diferencial,True,1.0,1,"{""epsilon"": 1.0}",344,342,5,0.3322674418604651,0.20372117881829857,0.2120773459461346,106.1157920079568,0.5774300089514461,0.6572522147112387,0.20230805343687466,0.14806982188889953,0.0798222057597926,2056.6,0.12283568288859609,0.2211342845295307,1428.7372047245328,1680.9522206599995,252.21501593546668,1977.0,3042.0,5.326251789319652e-07,0.3099595516628857,0.0,77.77777777777779,80.0,44.44444444444444,2.0,3.00265382802444,0.0,0.3691023998383494,0.0,77.77777777777779,80.0,44.44444444444444,2.0,2.8280592890679404,0.0,0.0,0.5377906976744186,0.036332971726896646,0.13352481177009556,0.13837184625970814,0.9461575252381149,0.5107554461201738,0.07894736842105263,0.04970760233918137,0.47703566909476425,0.15204678362573099,0.05847953216374269,0.0,0.02916609628616944,0.0,0.0696491732232472,0.0,0.1453976560506777,0.1453976560506777,0.30205712888481506,rojo,ámbar,rojo,0.031079158000011375,1.7734478000002127,,,,,,
gbsg2,dpcopula,dpcopula(ε=1),privacidad diferencial,True,1.0,2,"{""epsilon"": 1.0}",344,342,5,0.37470930232558136,0.22597550730458482,0.23570973170316745,117.94057848129395,0.4526859565827585,0.658783481143062,0.2664033208818862,0.16163656405157814,0.20609752456030345,1904.7,0.1277050138165575,0.23651244250804515,1327.5011680754237,1570.0863808048557,242.585212729432,1601.0,1834.0,0.010161612786745133,0.35554766655913667,0.0,44.44444444444444,25.0,44.44444444444444,3.0,2.7634246423097903,0.0,0.3164297202557819,0.0,44.44444444444444,25.0,22.22222222222222,3.0,2.998667660433854,0.0,0.0,0.5087209302325582,0.00726320428503624,0.13223589504799965,0.13366276196915886,0.9538176546901456,0.5184073732088507,0.12573099415204678,0.07017543859649122,0.5070962005403372,0.11695906432748537,0.08187134502923976,0.016388981192979105,0.07346529119138125,0.0,0.09974246439992773,0.0,0.10584991139318135,0.10584991139318135,0.2860435488421887,rojo,ámbar,rojo,0.03285635200018078,2.090376312999979,,,,,,
gbsg2,dpcopula,dpcopula(ε=1),privacidad diferencial,True,1.0,3,"{""epsilon"": 1.0}",344,342,5,0.4002906976744186,0.21321899465286123,0.17776850906115038,88.94889762477924,0.5,0.6927191679049034,0.27475135407054535,0.15363640291467515,0.1927191679049034,2008.4,0.30270712904675234,0.5623300073203674,1400.3401885612566,2008.4,608.0598114387435,1753.0,inf,3.2673872942730507e-46,0.0,0.0,0.0,0.0,0.0,3.0,,9.0,0.0,0.0,0.0,0.0,0.0,3.0,,9.0,0.0,0.4883720930232558,-0.013085632924266122,0.11135028115134914,0.10667448691801018,0.9509230100590227,0.5035822988269896,0.11988304093567251,0.03508771929824561,0.5367121507472384,0.1111111111111111,0.09356725146198835,0.0,0.05901489013103543,0.0,0.08543206748347759,0.0,0.007697001121672857,0.007697001121672857,0.15367496541241904,ámbar,verde,rojo,0.03000188700025319,1.4732978480001293,,,,,,
gbsg2,dpcopula,dpcopula(ε=1),privacidad diferencial,True,1.0,4,"{""epsilon"": 1.0}",344,342,5,0.3156976744186047,0.19059576255864313,0.23686084643936117,118.51655443656762,0.43255180759340495,0.6857963999394948,0.2437583799909635,0.15031961201859306,0.25324459234608987,1983.1,0.03995033918922093,0.08282331883374194,1379.8693144650047,1355.3919358870571,-24.477378577947547,1806.0,1789.0,0.684024431861515,0.36855299991726925,0.0,55.55555555555556,33.33333333333333,55.55555555555556,2.0,2.92177820883498,0.0,0.3354707675463265,0.0,55.55555555555556,33.33333333333333,44.44444444444444,3.0,3.0644062788704542,0.0,0.0,0.5726744186046512,0.07121669265712927,0.12947174478861834,0.13160326861538899,0.9305123354096565,0.5117557539071851,0.10526315789473684,0.04385964912280704,0.48257583529975034,0.06432748538011696,0.040935672514619825,0.021563209490491286,0.0774175923522146,0.06413515404794146,0.17164126455980774,0.05958003505369339,0.0,0.05958003505369339,0.2835337095567302,ámbar,verde,rojo,0.050040026000260696,2.1232744440003444,,,,,,
gbsg2,dpcopula,dpcopula(ε=1),privacidad diferencial,True,1.0,5,"{""epsilon"": 1.0}",344,342,5,0.34476744186046515,0.24660893566641298,0.2122569963963454,106.20568256049864,0.46970484783606054,0.6571647040831932,0.22054171777483245,0.15277556963974223,0.18745985624713263,2026.1,0.2080520711516995,0.33040831940253956,1398.0108503636156,1816.2286393394409,418.2177889758252,1814.0,2923.0,1.0919299055144913e-13,0.38753804652267615,0.0,44.44444444444444,25.0,66.66666666666666,3.0,4.565313142219378,0.0,0.4091124978654616,0.0,44.44444444444444,50.0,66.66666666666666,3.0,4.643273373380677,0.0,0.0,0.5290697674418605,0.0276120414943386,0.13608783029746338,0.13908872227218122,0.9343958235627399,0.5022314558325639,0.11695906432748537,0.05847953216374269,0.517629356041175,0.10526315789473684,0.0935672514619883,0.0054524438142499665,0.0507207529464216,0.0,0.047830426663876685,0.0,0.06672543738629383,0.06672543738629383,0.27703674710683857,ámbar,verde,rojo,0.0363251459998537,2.288166713999999,,,,,,
gbsg2,dpcopula,dpcopula(ε=1),privacidad diferencial,True,1.0,6,"{""epsilon"": 1.0}",344,342,5,0.3058139534883721,0.21869832696536307,0.21006857479877705,105.11067597204263,0.5428214655539989,0.6858134860205884,0.2044727662787381,0.1496067745437168,0.14299202046658954,2003.2999999999997,0.20956203688439096,0.30665443792997116,1395.4669071797448,1815.5814828210773,420.1145756413325,1753.0,3214.0,2.3953388625983617e-17,0.45233654517827937,0.0,77.77777777777779,100.0,44.44444444444444,2.0,2.2294987271848554,0.0,0.44146895458839885,0.0,66.66666666666666,100.0,33.33333333333333,2.0,2.320444547666941,0.0,0.0,0.4941860465116279,-0.0072716794358940184,0.150051816415135,0.1540317354333557,0.9413926627979583,0.5165521015013167,0.09941520467836257,0.05847953216374269,0.5214595944051161,0.1111111111111111,0.08771929824561403,0.021277999882595985,0.07326125545848997,0.06878407846536679,0.17097214339787709,0.1085373954618996,0.0614462357837064,0.1085373954618996,0.32786720808685255,rojo,ámbar,rojo,0.03088545199989312,2.0398272289999113,,,,,,
gbsg2,dpcopula,dpcopula(ε=1),privacidad diferencial,True,1.0,7,"{""epsilon"": 1.0}",344,342,5,0.3604651162790698,0.2574031607003664,0.2389928078429365,119.5833103970475,0.471176649437519,0.6764670112496199,0.25949962230205553,0.158357607767883,0.20529036181210092,2000.0999999999997,0.26290869997725685,0.4151296378854146,1374.2790397785145,1900.414322132115,526.1352823536006,1753.0,2843.0,4.41948856758299e-27,0.44204653503816044,0.0,55.55555555555556,75.0,22.22222222222222,3.0,2.2342310428035725,0.0,0.5113816148862812,0.0,66.66666666666666,75.0,44.44444444444444,3.0,2.1235975481053604,0.0,0.0,0.5261627906976745,0.02470506475015255,0.1530939552861595,0.1557459460566742,0.952898280542722,0.483661639478814,0.06432748538011696,0.04678362573099415,0.49040730481173694,0.1111111111111111,0.06432748538011701,0.022002456792073206,0.08333618464955328,0.0,0.04917759498022421,0.0,0.0,0.0,0.13067704651908574,ámbar,verde,rojo,0.03330649999998059,1.973022201999811,,,,,,
gbsg2,dpcopula,dpcopula(ε=1),privacidad diferencial,True,1.0,8,"{""epsilon"": 1.0}",344,342,5,0.3441860465116279,0.1948982875196018,0.23390589105054865,117.03800221292907,0.57421406287497,0.6715262778977682,0.2125204903011751,0.1527326158661903,0.09731221502279819,2016.1,0.1702723616261565,0.265880809299917,1404.1510921347272,1747.8872305108398,343.73613837611265,1814.0,2484.0,1.1463962293889703e-10,0.14333928373189952,0.0,55.55555555555556,33.33333333333333,33.33333333333333,2.0,4.883627846299306,0.0,0.1616823984385668,0.0,55.55555555555556,33.33333333333333,44.44444444444444,2.0,4.439336731082189,0.0,0.0,0.5755813953488372,0.07412366940131532,0.14800559134165392,0.15047315427507502,0.9300281935116297,0.480626517560959,0.09649122807017543,0.023391812865497075,0.4927670052323792,0.08771929824561403,0.040935672514619825,0.0,0.0,0.0,0.058112698596761894,0.0,0.0,0.0,0.09310071377360916,ámbar,verde,rojo,0.029048169999896345,1.7337128609997308,,,,,,
gbsg2,dpcopula,dpcopula(ε=1),privacidad diferencial,True,1.0,9,"{""epsilon"": 1.0}",344,342,5,0.36075581395348844,0.1988334617315319,0.23936436394016053,119.76922355696759,0.46034209976417206,0.6779306844980447,0.28919572971664226,0.15316182261529698,0.21758858473387266,2082.7999999999997,0.09025780441782144,0.21552685663057186,1448.8202789427423,1604.9434563993254,156.1231774565831,1975.0,3123.0,0.00034942793388059105,0.24358020799735255,0.0,55.55555555555556,25.0,44.44444444444444,3.0,4.734185397032736,0.0,0.2407620796630837,0.0,55.55555555555556,25.0,44.44444444444444,3.0,3.691395546594764,0.0,0.0,0.5174418604651163,0.015984134517594395,0.159323954980897,0.15892782861278165,0.9572242399418294,0.5087035327109196,0.0935672514619883,0.06725146198830406,0.5115420129270545,0.13450292397660818,0.08187134502923976,0.02141985844784912,0.07536375841798879,0.0,0.03611339956941656,0.0,0.0617888646881211,0.0617888646881211,0.2922007608398258,ámbar,verde,rojo,0.0572666709999794,1.8441339800001515,,,,,,
gbsg2,dpcopula,dpcopula(ε=5),privacidad diferencial,True,5.0,0,"{""epsilon"": 5.0}",344,342,5,0.17500000000000002,0.18421719997713037,0.15289232668340336,76.50176055140473,0.6317816628050432,0.6603376162248368,0.20316865754029703,0.1576280375716064,0.028555953419793556,2001.8999999999999,0.04544948130126538,0.12426374715173144,1414.4816189157732,1504.815137421303,90.33351850552981,1730.0,3023.0,0.02168000722650557,0.49773687454087046,0.0,88.88888888888889,66.66666666666666,66.66666666666666,1.0,1.5579777588583887,0.0,0.46774044035147555,0.022251545099375165,100.0,100.0,55.55555555555556,1.0,1.8085928846174235,0.0,0.0,0.4941860465116279,-0.0072716794358940184,0.07564976501673434,0.07808028312981735,0.9272304854278446,0.5100030778701139,0.09941520467836257,0.04385964912280699,0.5300434321671625,0.08771929824561403,0.0935672514619883,0.03836654601325215,0.10304386978632023,0.0,0.11759205635225996,0.0,0.07147916245853558,0.07147916245853558,0.2416662559123621,ámbar,verde,rojo,0.038399397999910434,1.6334681399998772,,,,,,
gbsg2,dpcopula,dpcopula(ε=5),privacidad diferencial,True,5.0,1,"{""epsilon"": 5.0}",344,342,5,0.13313953488372093,0.14266149519417734,0.09635476935290228,48.21242277439765,0.6302126740130259,0.6572522147112387,0.16355081840578634,0.14806982188889953,0.027039540698212794,2056.6,0.025877144802983684,0.06855985993081459,1428.7372047245328,1477.2155228408378,48.47831811630499,1977.0,1851.0,0.500645524736483,0.5860800215292081,0.2902008697291866,77.77777777777779,80.0,55.55555555555556,1.0,1.3975692801266726,0.0,0.48270407917421376,0.10646034273781627,77.77777777777779,80.0,33.33333333333333,3.0,1.8471109854949097,0.0,0.0,0.5348837209302325,0.033425994982710594,0.059455394906385406,0.05944681307101875,0.9121960792416925,0.510233918128655,0.1111111111111111,0.04678362573099415,0.5300092336103417,0.12280701754385964,0.07017543859649122,0.0,0.027848848214628456,0.07046187009852643,0.19671819575254867,0.07149604206443218,0.08147044430417756,0.08147044430417756,0.2981544512702844,ámbar,verde,rojo,0.029825404999883176,1.657466536999891,,,,,,
gbsg2,dpcopula,dpcopula(ε=5),privacidad diferencial,True,5.0,2,"{""epsilon"": 5.0}",344,342,5,0.13982558139534887,0.16479495095599359,0.0884680712495018,44.26620583247799,0.5055689928036071,0.658783481143062,0.2052487954489242,0.16163656405157814,0.15321448833945484,1904.7,0.06832119685783837,0.12141034280471907,1327.5011680754237,1449.791747010873,122.29057893544928,1601.0,1901.0,0.05279120807956848,0.37483844965201996,0.0,55.55555555555556,50.0,44.44444444444444,3.0,2.4876323280635075,0.0,0.44062839528082587,0.0,66.66666666666666,75.0,44.44444444444444,3.0,2.286496913735529,0.0,0.0,0.5348837209302325,0.033425994982710594,0.054349620040000865,0.05973692231367856,0.9178330024405339,0.49526349988030505,0.09649122807017543,0.03508771929824561,0.5010088574262166,0.07602339181286549,0.07017543859649128,0.0,0.062253720958242664,0.0,0.12391189435028313,0.0,0.05958003505369339,0.05958003505369339,0.2835337095567302,ámbar,verde,rojo,0.029045257999769092,1.8944396010001583,,,,,,
gbsg2,dpcopula,dpcopula(ε=5),privacidad diferencial,True,5.0,3,"{""epsilon"": 5.0}",344,342,5,0.15523255813953488,0.15217795313067106,0.05665931633444891,28.350261554982435,0.5418722139673106,0.6927191679049034,0.19488545123484968,0.15363640291467515,0.15084695393759284,2008.4,0.08656682576854793,0.1518127918618053,1400.3401885612566,1564.0856638503858,163.74547528912922,1753.0,2882.0,0.0004678481154779535,0.3870792271519329,0.0,55.55555555555556,100.0,66.66666666666666,0.0,2.7353721918019023,0.0,0.34559589813445085,0.0,55.55555555555556,100.0,44.44444444444444,1.0,2.766878527945527,0.0,0.0,0.5726744186046512,0.07121669265712927,0.04582397739359078,0.04568211549663913,0.9045257967774712,0.51951882630553,0.14619883040935672,0.05555555555555558,0.5385588728155672,0.09941520467836257,0.12280701754385964,0.0,0.057179483596427653,0.0,0.07839371148529828,0.021070213139154425,0.0,0.021070213139154425,0.22668137799776558,ámbar,verde,rojo,0.06380596200006039,1.6855635859997165,,,,,,
gbsg2,dpcopula,dpcopula(ε=5),privacidad diferencial,True,5.0,4,"{""epsilon"": 5.0}",344,342,5,0.1369186046511628,0.13085128322323292,0.09344598093804643,46.756970825727954,0.5417637271214643,0.6857963999394948,0.17686942344722,0.15031961201859306,0.14403267281803056,1983.1,0.03773875924687138,0.083419665258324,1379.8693144650047,1305.0103146673923,-74.85899979761234,1806.0,1630.0,0.3220999280339188,0.4757079367965815,0.0,66.66666666666666,66.66666666666666,55.55555555555556,1.0,1.9875762510701835,0.0,0.513100610987832,0.0,77.77777777777779,66.66666666666666,66.66666666666666,1.0,1.8249655952515274,0.0,0.0,0.5319767441860465,0.030519018238524542,0.049923298230441504,0.04869199781909456,0.9157015800573605,0.5064293286823296,0.09649122807017543,0.040935672514619936,0.48955234089121435,0.07602339181286549,0.040935672514619825,0.0008560424430870149,0.07717795770401063,0.027601296351979356,0.1506655709321268,0.21610375763970815,0.09096868711956961,0.21610375763970815,0.41073563476307173,rojo,ámbar,rojo,0.03995446799990532,1.524501244000021,,,,,,
gbsg2,dpcopula,dpcopula(ε=5),privacidad diferencial,True,5.0,5,"{""epsilon"": 5.0}",344,342,5,0.15784883720930235,0.1743744308114342,0.09668494937779616,48.37763285230819,0.4725187337513381,0.6571647040831932,0.18676805693573292,0.15277556963974223,0.18464597033185504,2026.1,0.13244441800281379,0.20553815133114028,1398.0108503636156,1657.5619554469563,259.55110508334064,1814.0,2256.0,3.532184097869381e-05,0.4579606067578043,0.0,66.66666666666666,25.0,66.66666666666666,3.0,3.1381923066850197,0.0,0.4256072915239019,0.0,55.55555555555556,25.0,55.55555555555556,4.0,3.154692125296704,0.0,0.0,0.5174418604651163,0.015984134517594395,0.06695053327980913,0.07078416376208255,0.9161685079224648,0.5040781779008926,0.0935672514619883,0.04678362573099415,0.4930063951301255,0.05847953216374269,0.04678362573099415,0.03884669705729855,0.10680070609583348,0.0,0.057807757294264364,0.0,0.09191108005624166,0.09191108005624166,0.2839718558630884,ámbar,verde,rojo,0.06768262600007802,1.6328309470000022,,,,,,
gbsg2,dpcopula,dpcopula(ε=5),privacidad diferencial,True,5.0,6,"{""epsilon"": 5.0}",344,342,5,0.1357558139534884,0.17012701753547757,0.0839437117679198,42.00238087005732,0.5446488396174697,0.6858134860205884,0.19556029379224968,0.1496067745437168,0.14116464640311877,2003.2999999999997,0.11551945631641064,0.16948119279140839,1395.4669071797448,1626.8028458825759,231.33593870283107,1753.0,2553.0,7.363326546022504e-05,0.20684911681336315,0.0,44.44444444444444,50.0,44.44444444444444,2.0,3.212608083150862,0.0,0.25231829241625986,0.0,66.66666666666666,100.0,44.44444444444444,2.0,3.255062287604644,0.0,0.0,0.5203488372093024,0.018891111261780447,0.06544741436927949,0.06829639171696612,0.9087201708921486,0.5004531308778769,0.10526315789473684,0.038011695906432746,0.49765739885776816,0.11695906432748537,0.05847953216374269,0.016388981192979105,0.07346529119138125,0.025654061619176566,0.1330529793607446,0.03451420645398866,0.0,0.03451420645398866,0.2552111087602853,ámbar,verde,rojo,0.0305306219997874,2.1321452419997513,,,,,,
gbsg2,dpcopula,dpcopula(ε=5),privacidad diferencial,True,5.0,7,"{""epsilon"": 5.0}",344,342,5,0.15755813953488373,0.15859432626749637,0.11976488876302467,59.925995250153434,0.48044998479781087,0.6764670112496199,0.20236852410402167,0.158357607767883,0.19601702645180907,2000.0999999999997,0.09110211406695594,0.16631582726494665,1374.2790397785145,1556.6018248803857,182.3227851018712,1753.0,2055.0,0.009054316282689098,0.47708636275615074,0.0,77.77777777777779,100.0,11.11111111111111,4.0,1.8060097270788467,0.0,0.49740018240656636,0.0,77.77777777777779,100.0,22.22222222222222,4.0,1.6936914034524837,0.0,0.0,0.5406976744186046,0.0392399484710827,0.0714103614124335,0.07364924980020224,0.9106062309405145,0.5053178755856503,0.06140350877192982,0.06725146198830406,0.5086351355972778,0.0935672514619883,0.06432748538011696,0.022303198497309815,0.08711760006165434,0.0,0.1256895511048172,0.04766402804295488,0.0,0.04766402804295488,0.2732410010548643,ámbar,verde,rojo,0.030153702999996312,1.9317732660001639,,,,,,
gbsg2,dpcopula,dpcopula(ε=5),privacidad diferencial,True,5.0,8,"{""epsilon"": 5.0}",344,342,5,0.1494186046511628,0.11724847902381161,0.10508964871669976,52.583038776065045,0.5983621310295176,0.6715262778977682,0.1799488127897927,0.1527326158661903,0.07316414686825057,2016.1,0.06397238417777744,0.11399393171324268,1404.1510921347272,1529.8198882212698,125.66879608654267,1814.0,2063.0,0.022530577694387155,0.4197775983610246,0.0,77.77777777777779,66.66666666666666,55.55555555555556,2.0,2.1725286513055697,0.0,0.4846739837310381,0.0,66.66666666666666,66.66666666666666,55.55555555555556,2.0,2.0146513344338755,0.0,0.0,0.5697674418604651,0.06830971591294321,0.06245237486188594,0.06384209993284223,0.898281732498643,0.502351150781437,0.1023391812865497,0.049707602339181256,0.5298382408262371,0.09941520467836257,0.0935672514619883,0.0,0.056558042407048585,0.1126419151724196,0.22623963600208363,0.2047298756586708,0.04676361663051029,0.2047298756586708,0.4009165076636479,rojo,ámbar,rojo,0.035895024000183184,1.892390561999946,,,,,,
gbsg2,dpcopula,dpcopula(ε=5),privacidad diferencial,True,5.0,9,"{""epsilon"": 5.0}",344,342,5,0.14302325581395353,0.14412313398688914,0.11240487369992082,56.24331134948765,0.46481984536851845,0.6779306844980447,0.22123985382210445,0.15316182261529698,0.21311083912952627,2082.7999999999997,0.03685225027483137,0.09222479478471435,1448.8202789427423,1477.3539061575566,28.53362721481426,1975.0,inf,0.2636079313211703,0.3536480693427038,0.0,44.44444444444444,25.0,66.66666666666666,3.0,3.054085588937836,0.0,0.359179642182933,0.0,44.44444444444444,25.0,55.55555555555556,4.0,3.1755454966891756,0.0,0.0,0.5552325581395349,0.053774832192012956,0.06971119189856288,0.06737014878218625,0.9225945373100588,0.5150559146404022,0.15204678362573099,0.05847953216374269,0.5093875038473377,0.0935672514619883,0.07602339181286544,0.04458410475655346,0.11457950582198656,0.059241421726527285,0.17215025074497764,0.0,0.18641938798831936,0.18641938798831936,0.36149595742181884,rojo,ámbar,rojo,0.048748753999916516,1.522759101000247,,,,,,
gbsg2,dpcopula,dpcopula(ε=10),privacidad diferencial,True,10.0,0,"{""epsilon"": 10.0}",344,342,5,0.11598837209302326,0.13128367759210208,0.06498346505985021,32.51536288085596,0.6072578461168116,0.6603376162248368,0.17379963678246968,0.1576280375716064,0.053079770108025226,2001.8999999999999,0.02014681686954293,0.06177446298159911,1414.4816189157732,1453.7602474952155,39.278628579442284,1730.0,2031.0,0.3062170503390831,0.6856817401594156,0.16245487765253058,100.0,100.0,66.66666666666666,1.0,0.949235803724917,0.0,0.7468994515600844,0.4216949561287866,100.0,100.0,66.66666666666666,1.0,0.7949789708822953,0.0,0.0,0.5290697674418605,0.0276120414943386,0.04858815415113386,0.04815889377691417,0.9002036486812592,0.5132946889641257,0.1023391812865497,0.05847953216374269,0.5400294107588659,0.08771929824561403,0.0935672514619883,0.0,0.031249549709551273,0.0,0.06190716370485533,0.09811546736227328,0.1053364042006395,0.1053364042006395,0.2824768847183856,rojo,ámbar,rojo,0.03136320000021442,1.709172344000308,,,,,,
gbsg2,dpcopula,dpcopula(ε=10),privacidad diferencial,True,10.0,1,"{""epsilon"": 10.0}",344,342,5,0.10901162790697674,0.12048715810883623,0.047119976715262864,23.5771228946188,0.6349970676297187,0.6572522147112387,0.15743955125406137,0.14806982188889953,0.022255147081519988,2056.6,0.026486077976690732,0.09203637449722563,1428.7372047245328,1422.6601447004307,-6.077060024102138,1977.0,1607.0,0.7401520512004526,0.6114951257852163,0.012718049984411327,88.88888888888889,100.0,44.44444444444444,2.0,1.1117498331611004,0.0,0.6075956744541948,0.29569065701064196,88.88888888888889,100.0,44.44444444444444,2.0,1.3408992727756415,0.0,0.0,0.5494186046511628,0.04796087870364085,0.034613672018629735,0.03385501577266069,0.8775066766194968,0.5376440614206082,0.1111111111111111,0.0935672514619883,0.5536746349304059,0.14619883040935672,0.13450292397660818,0.0,0.07438395434040869,0.0,0.0878652853494288,0.1064727676497188,0.14444794302698874,0.14444794302698874,0.33238007489429644,rojo,ámbar,rojo,0.02978483100014273,1.8050639880002564,,,,,,
gbsg2,dpcopula,dpcopula(ε=10),privacidad diferencial,True,10.0,2,"{""epsilon"": 10.0}",344,342,5,0.10988372093023255,0.13034159946224508,0.04163998133101777,20.83513247690198,0.5885216041088118,0.658783481143062,0.17593808805641484,0.16163656405157814,0.07026187703425013,1904.7,0.054216789229081803,0.10014011832589731,1327.5011680754237,1425.9224192556628,98.4212511802391,1601.0,1730.0,0.21659691391390098,0.5224679132909128,0.07562973174311136,77.77777777777779,100.0,55.55555555555556,2.0,1.7183896919349604,0.0,0.5253053318347777,0.0,77.77777777777779,100.0,66.66666666666666,1.0,1.7009708048947874,0.0,0.0,0.43023255813953487,-0.07122516780798704,0.038096343816001535,0.03692409405894917,0.9154630420978883,0.48561950685681066,0.07894736842105263,0.01754385964912275,0.5025477924831572,0.08771929824561403,0.07602339181286555,0.0,0.07438395434040869,0.029647038060655783,0.16716276178560713,0.0,0.0,0.0,0.2160166159309131,ámbar,verde,rojo,0.03136516099993969,1.6154508550002902,,,,,,
gbsg2,dpcopula,dpcopula(ε=10),privacidad diferencial,True,10.0,3,"{""epsilon"": 10.0}",344,342,5,0.11889534883720931,0.11429201817740303,0.03493781194262961,17.481610630203033,0.6310846953937593,0.6927191679049034,0.16601088946056655,0.15363640291467515,0.06163447251114407,2008.4,0.06525963731024126,0.14343553268630094,1400.3401885612566,1513.9439370319733,113.60374847071671,1753.0,2538.0,0.014343562094065983,0.371678448197894,0.0,77.77777777777779,100.0,44.44444444444444,1.0,2.270729967792649,0.0,0.39829640869608485,0.0,55.55555555555556,100.0,55.55555555555556,1.0,2.129981940462061,0.0,0.0,0.6046511627906976,0.10319343684317572,0.03285615947417731,0.03420160273138782,0.8869594201318656,0.5295817516500805,0.12573099415204678,0.06432748538011701,0.5729968195342157,0.12280701754385964,0.14619883040935672,0.0,0.023786851765680163,0.0,0.12111677229598253,0.0,0.0,0.0,0.15795095121466002,ámbar,verde,rojo,0.03288330900022629,1.6308483160000833,,,,,,
gbsg2,dpcopula,dpcopula(ε=10),privacidad diferencial,True,10.0,4,"{""epsilon"": 10.0}",344,342,5,0.11075581395348837,0.10846057009446014,0.05102857201699865,25.53284185286914,0.608621993646952,0.6857963999394948,0.16475557411993105,0.15031961201859306,0.0771744062925428,1983.1,0.028296330538676223,0.08210733885128707,1379.8693144650047,1333.0576049200954,-46.81170954490926,1806.0,1776.0,0.6248035044201298,0.5440158905280185,0.0,77.77777777777779,66.66666666666666,55.55555555555556,2.0,1.4693437346026876,0.0,0.6024563274538126,0.0,77.77777777777779,66.66666666666666,88.88888888888889,1.0,1.3200350576731275,0.0,0.0,0.5581395348837209,0.05668180893619901,0.03175677971936966,0.03547128324549577,0.8844030173738846,0.4939126568858795,0.0935672514619883,0.032163742690058506,0.5093533052905168,0.14619883040935672,0.05847953216374269,0.0685899668273675,0.1475085026609218,0.03573451926009086,0.16577636908461377,0.0,0.10006610249123958,0.10006610249123958,0.25575357592719966,rojo,ámbar,rojo,0.028585593000116205,1.7216401679997944,,,,,,
gbsg2,dpcopula,dpcopula(ε=10),privacidad diferencial,True,10.0,5,"{""epsilon"": 10.0}",344,342,5,0.12034883720930234,0.12742940819073317,0.05988088422842549,29.962216981204897,0.48539532038538,0.6571647040831932,0.17563214810617317,0.15277556963974223,0.17176938369781314,2026.1,0.08310599232482159,0.14187179831101626,1398.0108503636156,1558.797295195935,160.78644483231938,1814.0,2030.0,0.009316272426544427,0.40496773409933545,0.0,66.66666666666666,50.0,55.55555555555556,4.0,2.609092644121923,0.0,0.4728449364761529,0.0,66.66666666666666,50.0,66.66666666666666,4.0,2.443285573181608,0.0,0.0,0.502906976744186,0.0014492507966641366,0.04019008198707982,0.0403857854174499,0.8910029003391637,0.5204592866181047,0.11695906432748537,0.049707602339181256,0.4853117198454225,0.04678362573099415,0.06432748538011701,0.0,0.04533451679284453,0.02256984304335657,0.16333652876304366,0.0,0.08053314839264028,0.08053314839264028,0.2952477947335437,ámbar,verde,rojo,0.036228108999694086,1.7032312979999915,,,,,,
gbsg2,dpcopula,dpcopula(ε=10),privacidad diferencial,True,10.0,6,"{""epsilon"": 10.0}",344,342,5,0.10755813953488372,0.12804077513279927,0.04325043198136175,21.640943420492277,0.590759578485716,0.6858134860205884,0.17876416771938114,0.1496067745437168,0.09505390753487242,2003.2999999999997,0.04537314510250329,0.086174711670571,1395.4669071797448,1485.0098613375678,89.54295415782303,1753.0,1910.0,0.17156825524436553,0.37094907989510484,0.0,66.66666666666666,75.0,44.44444444444444,2.0,2.444060019516952,0.0,0.28165857889001916,0.0,55.55555555555556,75.0,22.22222222222222,3.0,2.8007791416746985,0.0,0.0,0.5813953488372093,0.07993762288968742,0.04111739952617753,0.04082845529602888,0.8774994912993108,0.4854143155158852,0.11695906432748537,0.02046783625730994,0.45679012345679004,0.08771929824561403,0.017543859649122806,0.011719565842954895,0.08062968390653302,0.0,0.08593522207351409,0.05686940990518632,0.04720511299190104,0.05686940990518632,0.2725564807067194,ámbar,verde,rojo,0.030687660000239703,1.6778326170001492,,,,,,
gbsg2,dpcopula,dpcopula(ε=10),privacidad diferencial,True,10.0,7,"{""epsilon"": 10.0}",344,342,5,0.10668604651162791,0.10188034577439292,0.04448727672482131,22.259815553946954,0.5942231681362116,0.6764670112496199,0.17475250295682176,0.158357607767883,0.08224384311340838,2000.0999999999997,0.07009694653355308,0.12905070399796081,1374.2790397785145,1511.1946208807865,136.91558110227197,1753.0,1868.0,0.11470872967638009,0.5694491426855639,0.19306839024940609,88.88888888888889,100.0,77.77777777777779,2.0,1.363156267000009,0.0,0.5891615623669694,0.18616168047631776,66.66666666666666,100.0,66.66666666666666,3.0,1.5186383379738124,0.0,0.0,0.561046511627907,0.05958878568038506,0.03937683413413096,0.039939356908319804,0.8768898266479405,0.5108580417906364,0.12573099415204678,0.040935672514619936,0.5217331828596833,0.10526315789473684,0.09941520467836257,0.0,0.06828145924149448,0.0,0.10345073686405476,0.0,0.055596362559654326,0.055596362559654326,0.2337712449074096,ámbar,verde,rojo,0.031451768999886554,1.4398220319999382,,,,,,
gbsg2,dpcopula,dpcopula(ε=10),privacidad diferencial,True,10.0,8,"{""epsilon"": 10.0}",344,342,5,0.10843023255813955,0.091651703669531,0.052051584856321706,26.044720277199513,0.6176205903527717,0.6715262778977682,0.16882327726070556,0.1527326158661903,0.05390568754499647,2016.1,0.038484436402005044,0.0709178596176796,1404.1510921347272,1465.319433993744,61.16834185901689,1814.0,2147.0,0.14252704531906488,0.5096066412605069,0.0,77.77777777777779,66.66666666666666,66.66666666666666,1.0,1.641935868601421,0.0,0.49817449934109337,0.0,77.77777777777779,66.66666666666666,77.77777777777779,1.0,1.8404948739663665,0.0,0.0,0.4563953488372093,-0.045062377110312635,0.035581914700477814,0.03664858090810314,0.9020391937667716,0.4873550836154714,0.09064327485380116,0.029239766081871288,0.5126705653021442,0.10526315789473684,0.06432748538011701,0.033171282510829424,0.0990061598073409,0.0376164050722609,0.1777583413899273,0.0,0.0,0.0,0.1889875995607455,ámbar,verde,rojo,0.03097892400001001,1.5356151519999912,,,,,,
gbsg2,dpcopula,dpcopula(ε=10),privacidad diferencial,True,10.0,9,"{""epsilon"": 10.0}",344,342,5,0.11569767441860465,0.10871072158002683,0.05932915015759424,29.686149315218064,0.5156571837965312,0.6779306844980447,0.18296665481519048,0.15316182261529698,0.16227350070151347,2082.7999999999997,0.016184021635867723,0.051856908120387235,1448.8202789427423,1445.9212528914475,-2.899026051294868,1975.0,2020.0,0.7498237294873281,0.3879810623979803,0.0,55.55555555555556,50.0,44.44444444444444,4.0,1.8933795252953973,0.0,0.4152688214165698,0.0,55.55555555555556,50.0,44.44444444444444,4.0,1.9768104957589985,0.0,0.0,0.5145348837209303,0.013077157773408343,0.04392105988745225,0.04638548578968653,0.9083394311988329,0.5057282582675011,0.0847953216374269,0.03801169590643283,0.4917068499709313,0.07017543859649122,0.05847953216374269,0.02810390889118461,0.09675674944202571,0.0,0.06740280146960925,0.0,0.0,0.0,0.16195788348578413,ámbar,verde,rojo,0.030515985999954864,1.8193683519998558,,,,,,
gbsg2,marginal,marginal,control,False,,0,{},344,342,5,0.038953488372093024,0.12907468038955894,0.004375690703269175,2.189436511890322,0.39560075828243013,0.6603376162248368,0.18578092289083126,0.1576280375716064,0.26473685794240664,2001.8999999999999,0.019553131480235065,0.06276736322724707,1414.4816189157732,1432.4598951334513,17.978276217678058,1730.0,1755.0,0.5355734125545368,0.4183759937589898,0.0,33.33333333333333,33.33333333333333,66.66666666666666,3.0,2.5721750955329155,0.0,0.4688639688629174,0.0,44.44444444444444,66.66666666666666,66.66666666666666,3.0,2.1931952896420173,0.0,0.0,0.4941860465116279,-0.0072716794358940184,0.027854702901554455,0.02834778730594601,0.875464009050898,0.48475599329708285,0.1023391812865497,0.040935672514619936,0.5386614684860299,0.1111111111111111,0.13450292397660824,0.16177519364197937,0.2481030325483151,0.0,0.05304552422342329,0.0,0.0,0.0,0.1597377684213603,rojo,ámbar,rojo,0.019827671999792074,1.7252941319998172,,,,,,
gbsg2,marginal,marginal,control,False,,1,{},344,342,5,0.03488372093023255,0.14352169175020177,0.0019036718789031256,0.9525281837711639,0.5752693150600364,0.6572522147112387,0.17141927011327315,0.14806982188889953,0.08198289965120231,2056.6,0.07345514197020928,0.13241353873528716,1428.7372047245328,1551.91861521266,123.18141048812709,1977.0,1854.0,0.6975018210717461,0.42967677096564716,0.026888027810994926,55.55555555555556,60.0,44.44444444444444,5.0,2.0766641445819394,0.0,0.5291098430907214,0.1370782950842657,77.77777777777779,80.0,44.44444444444444,5.0,1.7714043846581342,0.0,0.0,0.49709302325581395,-0.004364702691707967,0.02953288893540508,0.029604028294390558,0.8687788092967013,0.5074980335829828,0.10818713450292397,0.038011695906432774,0.5091823125064123,0.12280701754385964,0.07602339181286549,0.1975281386064858,0.2962305494972639,0.0,0.01911703526482038,0.07699014345130593,0.0,0.07699014345130593,0.28402618168637533,rojo,ámbar,rojo,0.01460564599983627,1.7395853309999438,,,,,,
gbsg2,marginal,marginal,control,False,,2,{},344,342,5,0.027616279069767442,0.13439335550158088,0.0018406480312784252,0.9209933421960411,0.5204096867628176,0.658783481143062,0.18481558291315842,0.16163656405157814,0.13837379438024433,1904.7,0.05008968291160504,0.10416908528516067,1327.5011680754237,1388.5063310015944,61.00516292617067,1601.0,1628.0,0.9561633611093904,0.39906725563109463,0.0,33.33333333333333,50.0,66.66666666666666,3.0,2.1684552331996887,0.0,0.4450226200558656,0.0,55.55555555555556,100.0,55.55555555555556,4.0,2.1827306088184457,0.0,0.0,0.5203488372093024,0.018891111261780447,0.031773957953189734,0.032145257391369,0.8649906685392819,0.5072757429636469,0.11403508771929824,0.04385964912280704,0.5300776307239834,0.13450292397660818,0.0935672514619883,0.13305327011044224,0.2185664679797235,0.0,0.11611059843753191,0.0,0.0,0.0,0.18535540461643743,rojo,ámbar,rojo,0.013510807999864483,1.4210755929998413,,,,,,
gbsg2,marginal,marginal,control,False,,3,{},344,342,5,0.03430232558139535,0.11760052208031624,0.002780324074628258,1.3911730642503572,0.43563150074294205,0.6927191679049034,0.1920200518799526,0.15363640291467515,0.25708766716196135,2008.4,0.05571232756159355,0.11259451890895578,1400.3401885612566,1486.2276887075873,85.8875001463307,1753.0,1753.0,0.8449248423577469,0.4780749960879468,0.0,44.44444444444444,33.33333333333333,44.44444444444444,3.0,2.030919667145312,0.0,0.5059422391079771,0.0,44.44444444444444,33.33333333333333,66.66666666666666,3.0,2.1241439615071034,0.0,0.0,0.561046511627907,0.05958878568038506,0.029575111466715136,0.031059723459721182,0.8620840752479781,0.5029325262473924,0.11403508771929824,0.04385964912280704,0.5017954242330973,0.14035087719298245,0.05263157894736842,0.08054226733961588,0.17730868299403918,0.0,0.054156892876092544,0.1172008160161569,0.04276401648549342,0.1172008160161569,0.2850931658779601,rojo,ámbar,rojo,0.013596599999800674,1.441376699999637,,,,,,
gbsg2,marginal,marginal,control,False,,4,{},344,342,5,0.030232558139534887,0.14662440849644878,0.003579867268529634,1.7912354041806458,0.5738617455755559,0.6857963999394948,0.17247050216433105,0.15031961201859306,0.1119346543639389,1983.1,0.04655586272158814,0.09953847784523229,1379.8693144650047,1442.476358019384,62.60704355437929,1806.0,1736.0,0.9200950095448284,0.5109353079284271,0.0,44.44444444444444,33.33333333333333,66.66666666666666,3.0,2.0709654558574457,0.0,0.5555285677423678,0.0,55.55555555555556,33.33333333333333,66.66666666666666,3.0,1.843575152067184,0.0,0.0,0.4883720930232558,-0.013085632924266122,0.030023906563510894,0.02994452774514758,0.8786800953231976,0.5048732943469786,0.08771929824561403,0.03801169590643283,0.498067781539619,0.14619883040935672,0.05847953216374269,0.09154727193241226,0.18592976912884535,0.0,0.04854192713585023,0.05054552296373382,0.185321208532181,0.185321208532181,0.35145684565625457,rojo,ámbar,rojo,0.01653470200017182,1.6885080550000566,,,,,,
gbsg2,marginal,marginal,control,False,,5,{},344,342,5,0.03837209302325581,0.13717353081047873,0.004163406471706445,2.083217201842934,0.623520415965744,0.6571647040831932,0.1648709561406806,0.15277556963974223,0.03364428811744913,2026.1,0.08685314583638352,0.15991174622127619,1398.0108503636156,1518.9108134718704,120.89996310825472,1814.0,1722.0,0.5449850144352091,0.6280652531637523,0.0,66.66666666666666,100.0,66.66666666666666,3.0,1.2925068898746677,0.0,0.5334068536423521,0.0,44.44444444444444,75.0,55.55555555555556,4.0,1.8259741522183615,0.0,0.0,0.5552325581395349,0.053774832192012956,0.03045367455712839,0.030660975403187483,0.8578566314892393,0.5062754351766356,0.12573099415204678,0.04678362573099415,0.4774118532197941,0.14035087719298245,0.05847953216374269,0.032033030572719355,0.12923595904244906,0.0,0.04712686225336708,0.0,0.0,0.0,0.13428133664173722,ámbar,verde,rojo,0.013341728999876068,1.4077678220000962,,,,,,
gbsg2,marginal,marginal,control,False,,6,{},344,342,5,0.04156976744186046,0.14128802473080757,0.002309112877941925,1.1553961163811233,0.5386185052080161,0.6858134860205884,0.17248852175224372,0.1496067745437168,0.14719498081257232,2003.2999999999997,0.05923928360443476,0.10750927836037849,1395.4669071797448,1484.839358504024,89.37245132427915,1753.0,1761.0,0.7698976429141555,0.46574993007125126,0.22472786606371126,66.66666666666666,100.0,55.55555555555556,4.0,2.0438488778063086,0.0,0.40636616845713025,0.0,44.44444444444444,75.0,55.55555555555556,4.0,2.3119664527700503,0.0,0.0,0.48546511627906974,-0.015992609668452173,0.02966524233022241,0.030604811832066155,0.8698999721775147,0.4945709791046818,0.13157894736842105,0.043859649122807015,0.45446462159296874,0.08771929824561403,0.0292397660818714,0.1049115567341938,0.20203280540324464,0.0,0.10567125431583527,0.09791045020783877,0.028323067795140603,0.09791045020783877,0.3004369607487749,rojo,ámbar,rojo,0.028733286000260705,1.6037964560000546,,,,,,
gbsg2,marginal,marginal,control,False,,7,{},344,342,5,0.036627906976744194,0.13077973165585863,0.0024812000868699594,1.2415022980120232,0.5613256308908483,0.6764670112496199,0.17999709867015706,0.158357607767883,0.11514138035877164,2000.0999999999997,0.06481443777806227,0.11994693220743669,1374.2790397785145,1477.39917589722,103.12013611870543,1753.0,1760.0,0.8258731466994848,0.3880379221414424,0.0,44.44444444444444,25.0,55.55555555555556,4.0,2.253188141447584,0.0,0.4433262882413778,0.08596495974818719,22.22222222222222,25.0,55.55555555555556,4.0,2.179439351594522,0.0,0.0,0.49709302325581395,-0.004364702691707967,0.029182135522317902,0.028978935590990487,0.8549577718757346,0.488740125166718,0.08771929824561403,0.026315789473684237,0.4550459970589241,0.05847953216374269,0.023391812865497075,0.12318852378012728,0.2205161995214803,0.007046187009852627,0.13490309808316137,0.0,0.038490876870247714,0.038490876870247714,0.22523023603514675,rojo,ámbar,rojo,0.014235991000077775,1.451793748,,,,,,
gbsg2,marginal,marginal,control,False,,8,{},344,342,5,0.034593023255813954,0.13586505393174989,0.0021269279090203957,1.0642373828407508,0.5728341732661387,0.6715262778977682,0.17250508790032482,0.1527326158661903,0.09869210463162947,2016.1,0.06447631497572574,0.11798143641599923,1404.1510921347272,1510.5749148669315,106.42382273220437,1814.0,1834.0,0.9366621627178964,0.6428181438486358,0.0,88.88888888888889,66.66666666666666,66.66666666666666,3.0,1.521931833128979,0.0,0.5590114504504134,0.0,77.77777777777779,100.0,66.66666666666666,3.0,1.766821790371957,0.0,0.0,0.4796511627906977,-0.02180656315682422,0.02731625789034696,0.02646324017548233,0.8636080823500516,0.4905440990390206,0.09649122807017543,0.03508771929824561,0.50644642796074,0.0935672514619883,0.07017543859649122,0.11860360216598427,0.2183154236482437,0.0,0.11854804586855741,0.011120906231048847,0.0,0.011120906231048847,0.22826174310127884,rojo,ámbar,rojo,0.013539991000016016,1.5234729120002157,,,,,,
gbsg2,marginal,marginal,control,False,,9,{},344,342,5,0.028779069767441857,0.13074261444396862,0.0017203947271150191,0.8608229616400968,0.47661124212663064,0.6779306844980447,0.18009791040083517,0.15316182261529698,0.20131944237141408,2082.7999999999997,0.057792069803385554,0.11581051677281529,1448.8202789427423,1532.9330584325116,84.11277948976931,1975.0,1813.0,0.9177914410964692,0.5027765484554032,0.08364597137318242,33.33333333333333,25.0,55.55555555555556,4.0,1.7962266674776197,0.0,0.5415339230485033,0.0,55.55555555555556,25.0,55.55555555555556,4.0,1.7381258767534118,0.0,0.0,0.5319767441860465,0.030519018238524542,0.02786267930728825,0.029354087464820218,0.8439374427862089,0.5062583358982251,0.09941520467836257,0.03801169590643272,0.4975890017441264,0.10526315789473684,0.07017543859649122,0.10229195416894749,0.194360034526811,0.0,0.08268895607251522,0.0,0.09015447385858222,0.09015447385858222,0.26037954287357423,rojo,ámbar,rojo,0.015135215000100288,1.4995984659999522,,,,,,
veterans,bootstrap,bootstrap,control,False,,0,{},68,69,5,0.06801470588235295,0.05324647263929898,0.009659415228361846,1.050944376845769,0.7358576642335767,0.7358576642335767,0.14719289069939714,0.14348037154735346,0.0,345.1000000000001,0.025867164540352712,0.05882352941176483,127.47733226240544,128.38896403481175,0.9116317724063094,87.0,99.0,0.9106476293284518,0.8401595728801281,0.6795716703789332,62.5,100.0,75.0,1.0,0.646349230630078,0.0,0.8108460520396724,0.7175412834300585,75.0,100.0,87.5,1.0,0.7537168120010684,0.0,1.0,1.0,0.5036496350364963,0.0,0.03752765224241635,0.0,0.8730536332179931,0.6911764705882353,0.6323529411764706,0.5608163265306123,0.2571428571428571,0.17142857142857143,0.45303649747354413,0.618207788681697,0.4578448757518569,0.9428381457438313,,,0.7831901232149251,0.9388378050982771,rojo,rojo,ámbar,0.009009675999550382,1.0425477889994,,,,,0.6008660182467059,0.7831901232149251
veterans,bootstrap,bootstrap,control,False,,1,{},68,69,5,0.06801470588235294,0.07356137259729853,0.012372957298952226,1.3461777541260023,0.6914027149321267,0.7230769230769231,0.17580866649519636,0.1565629872778826,0.03167420814479638,279.5,0.03394654927188263,0.08976211602653476,99.4759512500652,90.84450208654889,-8.631449163516308,59.0,54.0,0.5209384594332556,0.7781254936608624,0.5755122877647671,100.0,100.0,75.0,1.0,0.9416972196954994,0.0,0.8360702032818852,0.6735406229613864,87.5,100.0,100.0,0.0,0.7162710356058288,0.0,1.0,1.0,0.5036496350364963,0.0,0.029643119125487467,0.0,0.8200692041522492,0.6617647058823529,0.6323529411764707,0.6816326530612246,0.37142857142857144,0.31428571428571433,0.4809430129609682,0.6403121584159168,0.7106806698229923,0.9262020755881584,,,0.6578797035005371,0.8600730578384528,rojo,rojo,ámbar,0.016777505000391102,1.3165595580003355,,,,,0.6120095251097901,0.6578797035005371
veterans,bootstrap,bootstrap,control,False,,2,{},68,69,5,0.06985294117647058,0.08760360181886918,0.007124734535019795,0.7751711174101537,0.7140229885057471,0.7402298850574712,0.16366423310775102,0.15544711248887086,0.026206896551724146,247.4000000000001,0.04678764712265115,0.11764705882352955,96.16954593035129,97.63588235294114,1.4663364225898476,73.0,90.0,0.9101277533411953,0.615050099235832,0.18435767691935437,75.0,100.0,75.0,0.0,1.656158555248892,0.0,0.7973631137459168,0.6576104041058077,62.5,100.0,100.0,0.0,1.028335203280565,0.0,1.0,1.0,0.5036496350364963,0.0,0.027205620142425564,0.0,0.8291522491349481,0.7058823529411765,0.7058823529411765,0.6024489795918367,0.14285714285714285,0.34285714285714286,0.6407980643924416,0.7872673651703195,0.6842837991020351,0.9224548708870689,,,0.6233202436278887,0.8494705484587323,rojo,rojo,verde,0.016159474999767554,1.3347997769997164,,,,,0.6233202436278887,0.6223909412727358
veterans,bootstrap,bootstrap,control,False,,3,{},68,69,5,0.051470588235294115,0.09909687166672361,0.003841169029171873,0.41791919037389974,0.6266306792622582,0.7044534412955465,0.21817542374845114,0.1629796800683749,0.0778227620332883,258.4000000000001,0.06836034520695528,0.12047838003125771,101.56876179043044,118.95980519729034,17.391043406859893,87.0,111.0,0.7491846129920985,0.7068705479728115,0.4974279598513083,75.0,100.0,75.0,0.0,1.311804284841799,0.0,0.8963088111246227,0.8876927011433184,100.0,100.0,100.0,0.0,0.356012987443468,0.0,1.0,1.0,0.5036496350364963,0.0,0.03756340609186612,0.0,0.8293685121107266,0.6323529411764706,0.6323529411764706,0.5053061224489795,0.05714285714285714,0.17142857142857149,0.6028289218908736,0.7554930596581185,0.3591765813854249,0.840611654339066,,,0.5585437710399483,0.8018624612492522,rojo,rojo,ámbar,0.00855923899962363,1.0698709439993763,,,,,0.5585437710399483,0.5016569434044651
veterans,bootstrap,bootstrap,control,False,,4,{},68,69,5,0.06801470588235295,0.08366348935932381,0.009339266747874251,1.0161122221687184,0.7425122932498882,0.7349128296826106,0.14977721767092095,0.15590944802865592,-0.007599463567277587,295.10000000000014,0.014166594683030638,0.07352941176470595,112.83604913860964,112.76522229212536,-0.07082684648428028,92.0,92.0,0.9976646687944647,0.7419389807216692,0.2770177459100973,100.0,100.0,87.5,0.0,1.162945277807479,0.0,0.8466466247975074,0.7682878090934007,75.0,100.0,87.5,0.0,0.5406430472876532,0.0,1.0,1.0,0.5036496350364963,0.0,0.041590540373799334,0.0,0.7722750865051902,0.6617647058823529,0.6323529411764706,0.5077551020408163,0.11428571428571428,0.11428571428571427,0.6950250142725729,0.8205050036579765,0.6688759245392868,0.9030460541192744,,,0.6485709588924463,0.8462169793806318,rojo,rojo,verde,0.014304405000075349,1.0222500939999009,,,,,0.5608892404163559,0.6485709588924463
veterans,bootstrap,bootstrap,control,False,,5,{},68,69,5,0.05514705882352942,0.09667214126934447,0.004817625602570339,0.5241576655596528,0.6503879507074395,0.7129164764947512,0.20410504275065236,0.18563680505874253,0.06252852578731172,200.3,0.029052262768918275,0.07453208556149737,80.76029685298901,78.038830017301,-2.7214668356880196,56.0,52.0,0.8740144744172138,0.8326952891063318,0.5389704384497651,100.0,100.0,62.5,3.0,0.6756478279792597,0.0,0.8912434528748835,0.8302553039086866,100.0,100.0,75.0,2.0,0.34022025711390835,0.0,1.0,1.0,0.5036496350364963,0.0,0.04009775995650217,0.0,0.8003892733564013,0.6470588235294118,0.6470588235294118,0.5812244897959183,0.11428571428571428,0.2285714285714286,0.6099350107509118,0.7476233941008681,0.7927812757470672,0.9863071456646795,,,0.668271948831284,0.8633011540178617,rojo,rojo,rojo,0.008757941000112623,1.0446841279999717,,,,,0.6437684268356286,0.668271948831284
veterans,bootstrap,bootstrap,control,False,,6,{},68,69,5,0.06249999999999999,0.08778195443354453,0.008722205267327112,0.9489759330851898,0.6458616010854816,0.645409317051108,0.20645853953987223,0.19646531482996135,-0.00045228403437358455,308.0000000000003,0.04431429438517594,0.08823529411764697,125.32445174241944,139.0173613713892,13.692909628969758,111.0,118.0,0.7724973842666389,0.810204064465935,0.5411824437510406,87.5,100.0,75.0,0.0,0.7466190073949794,0.0,0.8719278113938544,0.7386170741357165,100.0,100.0,100.0,0.0,0.4158431961866009,0.0,1.0,1.0,0.5036496350364963,0.0,0.04097148776691236,0.0,0.8349913494809689,0.6176470588235294,0.6029411764705882,0.6783673469387754,0.22857142857142856,0.37142857142857144,0.6780070135682402,0.8062255133131306,0.5580130010905808,0.8862782189528027,,,0.62655209857194,0.8389122759433154,rojo,rojo,verde,0.008172484000169788,1.062384922000092,,,,,0.5749180387394999,0.62655209857194
veterans,bootstrap,bootstrap,control,False,,7,{},68,69,5,0.06801470588235294,0.06548068735475751,0.009617373314483127,1.0463702166157642,0.6728971962616822,0.6639964396973743,0.19308229250622247,0.1957980560223409,-0.008900756564307888,365.10000000000014,0.01535116168616377,0.05882352941176472,126.06123657318898,124.19584076054662,-1.8653958126423618,90.0,80.0,0.9133954170214411,0.6286940945089229,0.19907189499567607,87.5,100.0,62.5,0.0,1.5562544822581277,0.0,0.8735825008932887,0.7930382724983226,87.5,100.0,100.0,0.0,0.4342830985052951,0.0,1.0,1.0,0.5036496350364963,0.0,0.04148039750077287,0.0,0.8220155709342559,0.6470588235294118,0.6470588235294118,0.6506122448979591,0.22857142857142856,0.28571428571428575,0.7034629948576001,0.836342193617417,0.7812182015268132,0.9867949142620029,,,0.6745606698378516,0.826637787377847,rojo,rojo,verde,0.02089730000079726,1.0834834100005537,,,,,0.6745606698378516,0.5878136667575837
veterans,bootstrap,bootstrap,control,False,,8,{},68,69,5,0.09375,0.10877070182069434,0.013128402675041756,1.428370211044543,0.7096180395766222,0.7142199723884032,0.18430260468006998,0.18769042145404702,0.0046019328117810065,209.30000000000013,0.062220464448405635,0.13018790849673192,81.18360120816001,94.22775735294115,13.044156144781141,53.0,80.0,0.3943386191078917,0.823893811586384,0.5470650631848486,75.0,100.0,87.5,0.0,0.8021051045485759,0.0,0.8403770928109024,0.6817339865210924,100.0,100.0,87.5,0.0,0.47225348027289404,0.0,1.0,1.0,0.5036496350364963,0.0,0.040919886631738234,0.0,0.7601643598615916,0.5882352941176471,0.5735294117647058,0.5591836734693878,0.05714285714285714,0.2,0.48094301296095454,0.6403121584159089,0.4779948061970611,0.8126699527053736,,,0.5681679669921794,0.8082377460994419,rojo,rojo,ámbar,0.009459818000323139,1.0643025469998975,,,,,0.3642926748896534,0.5681679669921794
veterans,bootstrap,bootstrap,control,False,,9,{},68,69,5,0.10110294117647059,0.09042871782839758,0.01672547426290507,1.8197315998040715,0.6418312387791741,0.6956912028725314,0.1914906361482882,0.16595747867526595,0.05385996409335725,366.60000000000014,0.03435391614710398,0.08823529411764691,130.66339484955267,118.79294117647056,-11.87045367308211,103.0,80.0,0.5745058820929441,0.6916365506861548,0.5451980949002891,87.5,100.0,75.0,0.0,1.2964401234748535,0.0,0.8629894355525375,0.7711046155959884,87.5,100.0,100.0,0.0,0.6045782935719983,0.0,1.0,1.0,0.5036496350364963,0.0,0.03697346333870277,0.0,0.793901384083045,0.6323529411764706,0.6029411764705882,0.43836734693877555,0.02857142857142857,0.11428571428571428,0.5563145258415186,0.7185866377457415,0.6386648791618994,0.8977974418520984,,,0.6009527575889527,0.7903998773624956,rojo,rojo,ámbar,0.008026814999539056,1.0990526379991934,,,,,0.6009527575889527,0.5497929810902604
veterans,cart,cart,estadístico,False,,0,{},68,69,5,0.06801470588235292,0.09191525477845729,0.010384198309323755,1.1298007760544244,0.729470802919708,0.7358576642335767,0.19036480222798494,0.14348037154735346,0.006386861313868675,345.1000000000001,0.07493694462059693,0.19829475692295162,127.47733226240544,152.35601608849603,24.878683826090594,87.0,123.0,0.2878594562890479,0.7293808355853146,0.3609199483574498,75.0,100.0,62.5,3.0,1.0206127506443559,0.0,0.7830076609197911,0.4808032211763371,75.0,75.0,62.5,3.0,0.8896732847894243,0.0,0.0,0.6323529411764706,0.1360025762129669,0.0257985591342738,0.03174914712789556,0.7057882707041714,0.6630622837370242,0.35294117647058826,0.2647058823529412,0.5853061224489796,0.17142857142857143,0.17142857142857143,0.31040424023428886,0.4604101296991161,0.16777496838943615,0.7958327404244832,,,0.26002267224265957,0.6120400067617023,rojo,rojo,rojo,0.025294852999650175,1.2251622819994736,,,,,0.229545754736047,0.26002267224265957
veterans,cart,cart,estadístico,False,,1,{},68,69,5,0.06433823529411764,0.10532080310956483,0.006679801436043198,0.7267623962415,0.665158371040724,0.7230769230769231,0.17811183725166205,0.1565629872778826,0.05791855203619911,279.5,0.024034706408781244,0.0732947724544355,99.4759512500652,105.55667030110655,6.080719051041356,59.0,63.0,0.7235575145038964,0.7362543655375895,0.177096785815314,50.0,100.0,87.5,0.0,1.053809411900599,0.0,0.8050690133683289,0.6908271979131326,62.5,100.0,75.0,2.0,0.8654391940959669,0.0,0.029411764705882353,0.7205882352941176,0.224237870330614,0.01899595495913265,0.03415107022567891,0.5023685759094232,0.6972318339100346,0.3235294117647059,0.3088235294117647,0.6155102040816327,0.08571428571428572,0.22857142857142865,0.29870067659436206,0.45301054580165995,0.11819821424347084,0.6529436355789886,,,0.400577345497804,0.6820237648126476,rojo,rojo,ámbar,0.024532768999961263,1.347051604000626,,,,,0.400577345497804,0.38035001966667187
veterans,cart,cart,estadístico,False,,2,{},68,69,5,0.0551470588235294,0.09154299192381894,0.005532171563914002,0.6019002661538434,0.6174712643678161,0.7402298850574712,0.2208552722656288,0.15544711248887086,0.12275862068965515,247.4000000000001,0.038848566240298206,0.10294117647058854,96.16954593035129,103.84560477941176,7.6760588490604675,73.0,92.0,0.7022405944290786,0.6257355409868551,0.2010268069523291,87.5,100.0,62.5,0.0,1.7784811517366959,0.0,0.7652302593093091,0.3713387142448917,87.5,100.0,62.5,2.0,0.9047009269870057,0.0,0.0,0.75,0.25364963503649635,0.019306256677893666,0.032227726682286836,0.528877846021009,0.6355968858131488,0.27941176470588236,0.2205882352941177,0.5828571428571427,0.17142857142857143,0.2857142857142857,0.365617386612625,0.5185741705748989,0.4756687654482404,0.8313322141779644,,,0.2865254658080424,0.6221486175912252,rojo,rojo,rojo,0.024280362000354216,1.0403410219996658,,,,,0.09272871592572574,0.2865254658080424
veterans,cart,cart,estadístico,False,,3,{},68,69,5,0.07720588235294118,0.11048470112717997,0.014963570318579459,1.628036450661445,0.5978407557354926,0.7044534412955465,0.21864469612050866,0.1629796800683749,0.10661268556005399,258.4000000000001,0.04031802607140371,0.11628718178776726,101.56876179043044,91.29211854562985,-10.276643244800596,87.0,56.0,0.29007844043759756,0.6061434284458018,0.16060489525448712,75.0,100.0,50.0,2.0,1.510478098372508,0.0,0.6183712287146808,0.03416105131777833,37.5,33.33333333333333,75.0,2.0,1.5911488508582352,0.0,0.014705882352941176,0.7352941176470589,0.23894375268355522,0.021221735899813972,0.03792942754519273,0.5548353577483899,0.6615484429065743,0.11764705882352941,0.32352941176470595,0.4889795918367347,0.05714285714285714,0.08571428571428574,0.230191757390082,0.3599392611470895,0.5024895401338025,0.8803411108815445,,,0.35815683226005296,0.6737092312528427,rojo,rojo,rojo,0.06491749099950539,1.2507807109996065,,,,,0.08012703434519369,0.35815683226005296
veterans,cart,cart,estadístico,False,,4,{},68,69,5,0.06617647058823531,0.08649539057418117,0.009994725370335196,1.0874261202924693,0.6942333482342423,0.7349128296826106,0.16996380577554732,0.15590944802865592,0.040679481448368304,295.10000000000014,0.02710043598510284,0.07352941176470584,112.83604913860964,105.68084615384613,-7.1552029847635055,92.0,84.0,0.7892504839463133,0.752163942199217,0.5084987589858958,75.0,100.0,87.5,1.0,0.9967143894143564,0.0,0.7533732199948526,0.5318983689757595,62.5,100.0,87.5,1.0,1.0393975947755145,0.0,0.0,0.6764705882352942,0.1801202232717905,0.02416400906837621,0.03813776426831981,0.5659453114701019,0.5614186851211073,0.19117647058823528,0.1470588235294118,0.5240816326530613,0.08571428571428572,0.17142857142857143,0.24851314408519776,0.40295389741339155,0.07183531627708499,0.6939156892397812,,,0.17181771690662886,0.4769106456605301,ámbar,ámbar,ámbar,0.024919649000366917,1.2011002669996742,,,,,0.0667843118172738,0.17181771690662886
veterans,cart,cart,estadístico,False,,5,{},68,69,5,0.06433823529411764,0.07891325921577254,0.006190463372062256,0.6735224148803735,0.7115472387037882,0.7129164764947512,0.184100954226665,0.18563680505874253,0.001369237790962985,200.3,0.01386504497569645,0.03234438919710475,80.76029685298901,82.49526306248993,1.7349662095009108,56.0,59.0,0.7892979770234348,0.6626905476287621,0.32840140818272534,50.0,66.66666666666666,75.0,2.0,1.357104061377972,0.0,0.7357651375371279,0.5057753048337538,62.5,66.66666666666666,75.0,2.0,1.1921397204762276,0.0,0.0,0.6764705882352942,0.1801202232717905,0.02337644981478167,0.038060960016704906,0.6463085550592353,0.6012110726643599,0.25,0.20588235294117646,0.556734693877551,0.2571428571428571,0.19999999999999996,0.3432635364726184,0.4699537377548637,0.2516624525841542,0.8342198234975435,,,0.10656270827063036,0.3366760385327695,rojo,rojo,rojo,0.02514062499994907,1.3492811380001513,,,,,0.10656270827063036,0.0
veterans,cart,cart,estadístico,False,,6,{},68,69,5,0.06433823529411764,0.09594095659084009,0.006829487573087252,0.743048247951893,0.6331976481230213,0.645409317051108,0.20068133357002246,0.19646531482996135,0.012211668928086783,308.0000000000003,0.04962587549315441,0.09864422020412789,125.32445174241944,110.25071736011475,-15.073734382304693,111.0,100.0,0.4274568541588155,0.7805563812131917,0.4420008948874403,100.0,100.0,75.0,1.0,0.8785462423906886,0.0,0.8174811645169537,0.5336747396574119,75.0,100.0,100.0,0.0,0.7089866300557961,0.0,0.0,0.6764705882352942,0.1801202232717905,0.020405727802274686,0.031232839169202234,0.6360421793787783,0.6245674740484429,0.25,0.22058823529411764,0.5183673469387755,0.08571428571428572,0.17142857142857149,0.48272162914012473,0.6299392874118016,0.0,0.9179968847413693,,,0.2552987781309827,0.5219834578499981,rojo,rojo,ámbar,0.02467635899938614,1.2323257449997982,,,,,0.2552987781309827,0.04561891994013567
veterans,cart,cart,estadístico,False,,7,{},68,69,5,0.08639705882352941,0.08488553968926986,0.010309248375049481,1.1216462232053834,0.5638629283489096,0.6639964396973743,0.23513169940339296,0.1957980560223409,0.10013351134846471,365.10000000000014,0.037650205952560765,0.1029411764705882,126.06123657318898,122.53099744245519,-3.53023913073379,90.0,54.0,0.8167789638460674,0.5835531618762838,0.15169506762275015,75.0,100.0,62.5,1.0,1.5111270304893245,0.0,0.7483652273002057,0.4672875797216617,87.5,100.0,87.5,0.0,1.0350774951942068,0.0,0.0,0.5588235294117647,0.062473164448261065,0.03392115746541055,0.04065018616747208,0.5957622558180099,0.5772058823529411,0.16176470588235295,0.2058823529411765,0.5346938775510204,0.17142857142857143,0.1428571428571429,0.38870100159756593,0.5444534069051743,0.6525865460151096,0.9185273756663381,,,0.2248535566126172,0.5360353816454685,rojo,rojo,rojo,0.026909017000434687,1.2631808730002376,,,,,0.2248535566126172,0.0872572580127901
veterans,cart,cart,estadístico,False,,8,{},68,69,5,0.06433823529411765,0.09025947861239976,0.010459380661531641,1.1379806159746424,0.7050161067648413,0.7142199723884032,0.21505045197639805,0.18769042145404702,0.009203865623561902,209.30000000000013,0.031239256055957787,0.07397369722299707,81.18360120816001,76.20227350199336,-4.9813277061666525,53.0,52.0,0.5461695633879597,0.7721443947910338,0.5396120171428294,100.0,100.0,100.0,0.0,0.9589835145226637,0.0,0.7732135809527605,0.5781852609791894,87.5,100.0,87.5,1.0,0.9885014049850845,0.0,0.0,0.7647058823529411,0.26835551738943747,0.024248897978055833,0.045173908283028794,0.5853708543701709,0.6492214532871972,0.23529411764705882,0.2647058823529412,0.6318367346938776,0.17142857142857143,0.3142857142857143,0.21170427444381842,0.3606840289247511,0.4310118976625099,0.8749339417058586,,,0.26002267224265957,0.6120400067617023,rojo,rojo,verde,0.03698006000013265,1.266039426000134,,,,,0.11783020529122279,0.26002267224265957
veterans,cart,cart,estadístico,False,,9,{},68,69,5,0.07169117647058823,0.06345849865080387,0.01068470709798672,1.162496132260955,0.6889587073608617,0.6956912028725314,0.17943262858362957,0.16595747867526595,0.006732495511669656,366.60000000000014,0.04659151198096726,0.07352941176470584,130.66339484955267,145.6418991353951,14.978504285842433,103.0,111.0,0.3690731569124861,0.722709556287794,0.4634922833440991,75.0,100.0,87.5,0.0,1.1859138090055854,0.0,0.8377903544079337,0.6272516880993007,75.0,100.0,100.0,0.0,0.6854987087014532,0.0,0.014705882352941176,0.7058823529411765,0.20953198797767286,0.020164230421907296,0.04422146098754184,0.6240344564403866,0.6682525951557093,0.3382352941176471,0.35294117647058826,0.5151020408163265,0.11428571428571428,0.20000000000000007,0.2893636355501693,0.4350795439620714,0.5028472139395949,0.9078028654472919,,,0.334135974415642,0.6195513207698594,rojo,rojo,verde,0.02373610499944334,1.3497274679994007,,,,,0.25038169046618375,0.334135974415642
veterans,copula,copula,estadístico,False,,0,{},68,69,5,0.06066176470588236,0.10841743142359732,0.011120208538367956,1.2098786889744335,0.7153284671532847,0.7358576642335767,0.16107775253908105,0.14348037154735346,0.020529197080291994,345.1000000000001,0.0698606225311497,0.11434579912840773,127.47733226240544,106.27269965872901,-21.20463260367643,87.0,64.0,0.250370454482295,0.62064724797676,0.2033815908013179,75.0,100.0,50.0,3.0,1.4308643837744768,0.0,0.6279986177075532,0.3674372986604456,75.0,100.0,62.5,3.0,1.5240268445946046,0.0,0.0,0.5,0.003649635036496346,0.029887370713266838,0.03394387755793836,0.6875318410642863,0.6230536332179931,0.16176470588235295,0.23529411764705888,0.5363265306122449,0.17142857142857143,0.14285714285714285,0.10404391843395444,0.27946482306794185,0.0,0.5618533124228441,,,0.13830909806060795,0.5031475708643229,rojo,ámbar,rojo,0.018904423999629216,1.2377988689995618,,,,,0.09448093508368008,0.13830909806060795
veterans,copula,copula,estadístico,False,,1,{},68,69,5,0.0900735294117647,0.09073490428551388,0.019030093413320463,2.070474163369266,0.6542986425339367,0.7230769230769231,0.20168378351581734,0.1565629872778826,0.0687782805429864,279.5,0.03406310567364064,0.10953329248366006,99.4759512500652,90.40792318019369,-9.068028069871502,59.0,56.0,0.7823762108121702,0.4580432570080549,0.0,87.5,66.66666666666666,62.5,1.0,2.350197929366267,0.0,0.7781747761321334,0.2932884163333616,87.5,100.0,75.0,2.0,0.8087399325081714,0.0,0.0,0.5441176470588235,0.04776728209531983,0.04177698750386436,0.04218492375675925,0.6493307234373353,0.5393598615916955,0.1323529411764706,0.14705882352941174,0.41877551020408166,0.11428571428571428,0.08571428571428573,0.12006548946125398,0.2894989858212917,0.0,0.6269752324076918,,,0.0,0.29024699210757793,ámbar,ámbar,ámbar,0.022935044999940146,1.369709352999962,,,,,0.0,0.0
veterans,copula,copula,estadístico,False,,2,{},68,69,5,0.07169117647058823,0.11388679719688577,0.005462748728582677,0.5943470616697952,0.6514942528735632,0.7402298850574712,0.20427433254139993,0.15544711248887086,0.08873563218390801,247.4000000000001,0.03602114490678518,0.09191600515638781,96.16954593035129,87.81016828103108,-8.359377649320209,73.0,75.0,0.9873457558280794,0.697930845248235,0.3908463645262876,100.0,100.0,50.0,2.0,1.150989810802559,0.0,0.7560650141906642,0.46146676025457267,75.0,100.0,75.0,2.0,1.0125923091261821,0.0,0.0,0.5,0.003649635036496346,0.03360409310814256,0.0420641199824273,0.7006990140759788,0.5754757785467128,0.10294117647058823,0.1470588235294118,0.5355102040816326,0.08571428571428572,0.19999999999999996,0.14719921187202972,0.3399309324273506,0.33510426082337874,0.8103997500011872,,,0.0,0.3504758074341253,rojo,rojo,rojo,0.0336295480001354,1.1407998029999362,,,,,0.0,0.0
veterans,copula,copula,estadístico,False,,3,{},68,69,5,0.05514705882352941,0.09473346914372782,0.0048639663198843065,0.5291995356034125,0.6491228070175439,0.7044534412955465,0.1934199723554022,0.1629796800683749,0.055330634278002666,258.4000000000001,0.026777339752223916,0.08324815904473953,101.56876179043044,98.12895888237304,-3.439802908057402,87.0,55.0,0.9375526666634499,0.5086827195715453,0.01942388447205782,50.0,66.66666666666666,37.5,2.0,1.8951707589645541,0.0,0.6766552897350754,0.25429668202362554,62.5,100.0,75.0,2.0,1.2925003568876559,0.0,0.0,0.6176470588235294,0.12129669386002578,0.04091465618000076,0.03566620633267707,0.7396253373784534,0.5828287197231834,0.16176470588235295,0.16176470588235292,0.4816326530612245,0.05714285714285714,0.17142857142857149,0.18193939314429142,0.3678392873654658,0.0,0.7486394337815718,,,0.018896187016736017,0.3552227100835661,rojo,ámbar,rojo,0.03319304100023146,0.9456961059995592,,,,,0.018896187016736017,0.0
veterans,copula,copula,estadístico,False,,4,{},68,69,5,0.058823529411764705,0.09722057508701942,0.006330076679099148,0.6887123426859872,0.6535538667858739,0.7349128296826106,0.18679086258120445,0.15590944802865592,0.08135896289673672,295.10000000000014,0.022185444326387742,0.08954831932773033,112.83604913860964,110.06962996195921,-2.7664191766504302,92.0,99.0,0.8048543975070744,0.5732178445991583,0.1691506441264043,50.0,50.0,87.5,1.0,1.6410396844779451,0.0,0.7061282305191084,0.31028625715393254,75.0,100.0,87.5,1.0,1.2270191295691202,0.0,0.0,0.6029411764705882,0.10659081150708455,0.037362264205947585,0.0436192980279536,0.7462327773276667,0.5123269896193772,0.08823529411764706,0.0735294117647059,0.5697959183673469,0.2571428571428571,0.2,0.2485131440821515,0.4029538974114584,0.07183531627708499,0.6939156892397812,,,0.10026493535156107,0.4642756776265479,ámbar,ámbar,ámbar,0.015987849999874015,1.1831606109999484,,,,,0.0,0.10026493535156107
veterans,copula,copula,estadístico,False,,5,{},68,69,5,0.06985294117647058,0.0821223225808587,0.013770394936272412,1.4982189690664385,0.6444545869465997,0.7129164764947512,0.20384943510942727,0.18563680505874253,0.06846188954815147,200.3,0.045063835903781053,0.08364661282493055,80.76029685298901,87.00500018655833,6.244703333569319,56.0,60.0,0.7530802445502522,0.6501384429718319,0.004883544933632612,62.5,100.0,50.0,1.0,1.5557960210066966,0.0,0.7969547913763517,0.6283398634068833,75.0,100.0,75.0,2.0,0.9089222352139439,0.0,0.0,0.6470588235294118,0.15070845856590814,0.029581060476632122,0.0384184222408435,0.7263032169527498,0.5988321799307958,0.10294117647058823,0.19117647058823528,0.6285714285714286,0.22857142857142856,0.2571428571428571,0.1355241284091262,0.29923184483360626,0.21140834019921795,0.6746830053142936,,,0.18796562957158203,0.5138983321071916,ámbar,ámbar,ámbar,0.022174448999976448,1.1244110260004163,,,,,0.1313181913189838,0.18796562957158203
veterans,copula,copula,estadístico,False,,6,{},68,69,5,0.08272058823529413,0.08214525446517894,0.00964167798924992,1.0490145652303913,0.6327453640886477,0.645409317051108,0.23462996489378696,0.19646531482996135,0.012663952962460368,308.0000000000003,0.06773426954513864,0.1682646742907689,125.32445174241944,146.20421805085672,20.879766308437283,111.0,148.0,0.39386536460180377,0.4788265919276524,0.08767551747906127,37.5,66.66666666666666,62.5,2.0,1.966902990742676,0.0,0.7885951212450177,0.5499035181659465,75.0,100.0,75.0,1.0,0.868236869424575,0.0,0.0,0.5,0.003649635036496346,0.03694359078138812,0.03340070548387272,0.6832913545306316,0.4625865051903114,0.07352941176470588,0.11764705882352944,0.5077551020408164,0.02857142857142857,0.11428571428571427,0.17349053827454128,0.3101887654896932,0.0,0.6754541217103915,,,0.04362862900639505,0.5059570614134357,rojo,ámbar,rojo,0.01634836500033998,1.0658875670005727,,,,,0.0,0.04362862900639505
veterans,copula,copula,estadístico,False,,7,{},68,69,5,0.0625,0.08187536322052183,0.007105406962162003,0.7730682774832258,0.5656430796617713,0.6639964396973743,0.23914642878955578,0.1957980560223409,0.09835336003560302,365.10000000000014,0.04708758671510822,0.12129067035935906,126.06123657318898,111.6530565167243,-14.408180056464673,90.0,82.0,0.9250613631188637,0.6538520241220677,0.0,62.5,33.33333333333333,62.5,2.0,1.2797536473014093,0.0,0.6955254918027877,0.26488679738455795,62.5,100.0,75.0,2.0,1.1922851308338647,0.0,0.0,0.4411764705882353,-0.05517389437526837,0.036948294120199385,0.03483050353352099,0.7173241002657241,0.513840830449827,0.11764705882352941,0.10294117647058826,0.5755102040816327,0.11428571428571428,0.2,0.031622296628796495,0.19208271875353788,0.16777496838943615,0.7958327404244832,,,0.0,0.42535907047511406,rojo,ámbar,rojo,0.017023485000208893,1.1102748180001072,,,,,0.0,0.0
veterans,copula,copula,estadístico,False,,8,{},68,69,5,0.06250000000000001,0.06464848653118929,0.004357405666774207,0.4740857365450337,0.6534744592728946,0.7142199723884032,0.20980136133418506,0.18769042145404702,0.060745513115508576,209.30000000000013,0.037445403792830366,0.0754901960784316,81.18360120816001,78.46208778966127,-2.721513418498745,53.0,52.0,0.9847800551780146,0.6858290730189868,0.0,50.0,33.33333333333333,75.0,2.0,1.2529296988717187,0.0,0.7820653867750982,0.15678547953483468,87.5,100.0,75.0,2.0,0.8815146686781791,0.0,0.0,0.6323529411764706,0.1360025762129669,0.03179467205779462,0.04570845333203165,0.6560440472792175,0.5728806228373702,0.07352941176470588,0.17647058823529405,0.6130612244897959,0.2571428571428571,0.2857142857142857,0.1040439184339541,0.2794648230679417,0.21550594883125496,0.7687792686130236,,,0.0,0.43155416034844185,rojo,ámbar,rojo,0.017293244000029517,0.9754428360001839,,,,,0.0,0.0
veterans,copula,copula,estadístico,False,,9,{},68,69,5,0.07352941176470587,0.07622878766400687,0.009185373619034072,0.999368649750907,0.6916517055655296,0.6956912028725314,0.20005615600373436,0.16595747867526595,0.004039497307001816,366.60000000000014,0.034171128067976404,0.11633403361344596,130.66339484955267,131.14311011429027,0.4797152647375924,103.0,101.0,0.7187339128864758,0.7672859460921708,0.3864387958036698,87.5,100.0,100.0,0.0,0.8607541324188109,0.0,0.8173200906317427,0.6597423939268219,87.5,100.0,75.0,2.0,0.7353219070157972,0.0,0.0,0.5441176470588235,0.04776728209531983,0.041739191303687556,0.04164493808880717,0.7109604437779888,0.5836937716262975,0.11764705882352941,0.19117647058823528,0.4979591836734694,0.2,0.14285714285714288,0.21852099455127713,0.3776930688656108,0.0,0.5470779271881814,,,0.22544678248457276,0.4862894618957547,ámbar,ámbar,verde,0.01706413500050985,1.0583554350005215,,,,,0.0,0.22544678248457276
veterans,dpcopula,dpcopula(ε=0.5),privacidad diferencial,True,0.5,0,"{""epsilon"": 0.5}",68,69,5,0.44852941176470584,0.2431539425376003,0.24975966479653736,27.173851529863263,0.33074817518248173,0.7358576642335767,0.4400159098399276,0.14348037154735346,0.40510948905109495,345.1000000000001,0.47047479708735823,0.6658388112701059,127.47733226240544,289.9470588235294,162.46972656112396,87.0,421.0,1.4361560922133532e-15,0.10950240483318935,0.0,12.5,0.0,25.0,4.0,3.9779673821535786,4.0,0.09123762275906837,0.0,12.5,0.0,12.5,4.0,3.920705225764757,4.0,0.0,0.8382352941176471,0.3418849291541434,0.12967516623548492,0.14720035409785387,0.8980984086279032,0.5966695501730104,0.08823529411764706,0.25,0.5624489795918367,0.11428571428571428,0.2285714285714286,0.0,0.062192224973465736,0.11819821424347084,0.6529436355789886,,,0.37146096034665654,0.6911106009835821,rojo,rojo,rojo,0.020046432000526693,1.1207424140002331,,,,,0.05179492783569947,0.37146096034665654
veterans,dpcopula,dpcopula(ε=0.5),privacidad diferencial,True,0.5,1,"{""epsilon"": 0.5}",68,69,5,0.48897058823529405,0.3964822118184927,0.2498360048811994,27.182157331074492,0.6271493212669683,0.7230769230769231,0.5028861160882206,0.1565629872778826,0.09592760180995474,279.5,0.6347490539694143,0.8589822341980273,99.4759512500652,277.05468750000006,177.57873624993488,59.0,1034.0,6.0015229258171435e-28,0.5140612163933085,0.32287488012553356,50.0,66.66666666666666,50.0,2.0,4.902203877125474,0.0,0.5221948994711296,0.4002457714473734,62.5,66.66666666666666,50.0,3.0,5.243219502149481,0.0,0.0,0.7794117647058824,0.2830613997423787,0.1741361585230262,0.19206094374569496,0.8592201078427997,0.5350346020761245,0.11764705882352941,0.13235294117647056,0.3836734693877551,0.08571428571428572,0.0,0.0,0.04339790138713763,0.0,0.15010293676267952,,,0.13660975308362003,0.3834163264424069,rojo,ámbar,rojo,0.01970168299976649,1.7436694629996055,,,,,0.01788245630098972,0.13660975308362003
veterans,dpcopula,dpcopula(ε=0.5),privacidad diferencial,True,0.5,2,"{""epsilon"": 0.5}",68,69,5,0.4779411764705883,0.22606269822869968,0.2498061577879911,27.17890996733343,0.5,0.7402298850574712,0.4902402697261033,0.15544711248887086,0.24022988505747123,247.4000000000001,0.6106814603119894,0.8691119025735294,96.16954593035129,247.4000000000001,151.2304540696488,73.0,inf,1.8073902991742607e-33,0.0,0.0,0.0,0.0,0.0,3.0,,8.0,0.0,0.0,0.0,0.0,0.0,3.0,,8.0,0.0,0.35294117647058826,-0.1434091884929154,0.2631279677644175,0.2516221654544764,0.9665548672015478,0.5724480968858132,0.17647058823529413,0.20588235294117652,0.5248979591836734,0.2,0.14285714285714288,0.0,0.01333594353327032,0.353765977577698,0.6281728202717802,,,0.17264975945233146,0.40083918572915456,rojo,rojo,rojo,0.049269125999671814,1.0362854699997115,,,,,0.17264975945233146,0.1252482124914293
veterans,dpcopula,dpcopula(ε=0.5),privacidad diferencial,True,0.5,3,"{""epsilon"": 0.5}",68,69,5,0.43566176470588236,0.27907995063500657,0.24984193652877304,27.182802694330505,0.6266306792622582,0.7044534412955465,0.4633574935724688,0.1629796800683749,0.0778227620332883,258.4000000000001,0.5398621589457648,0.7246672268442168,101.56876179043044,241.20076556564356,139.63200377521312,87.0,904.0,3.3887556779179154e-25,0.29303653061271584,0.0,37.5,33.33333333333333,37.5,2.0,2.7548647421674533,3.0,0.2609094221890754,0.0,25.0,33.33333333333333,25.0,2.0,3.5441276509465665,3.0,0.0,0.7205882352941176,0.224237870330614,0.15301415374477292,0.15562824742240083,0.8819424501606571,0.5932093425605536,0.17647058823529413,0.17647058823529416,0.4481632653061225,0.08571428571428572,0.11428571428571432,0.0,0.04381708894702892,0.5033249051683084,0.9403779365063871,,,0.12264739451597301,0.33896253738591897,rojo,rojo,rojo,0.02079638800023531,1.2357190060001813,,,,,0.12264739451597301,0.0
veterans,dpcopula,dpcopula(ε=0.5),privacidad diferencial,True,0.5,4,"{""epsilon"": 0.5}",68,69,5,0.38602941176470584,0.259297804649055,0.24976789078534434,27.174746517445463,0.5909700491729996,0.7349128296826106,0.49957679159247165,0.15590944802865592,0.14394278050961107,295.10000000000014,0.5907945079117505,0.7989344757510849,112.83604913860964,287.3206110388204,174.48456190021076,92.0,666.0,5.46483480275626e-26,0.22504843537305608,0.0,62.5,50.0,12.5,2.0,4.201083588288349,2.0,0.41631506406638974,0.0,37.5,50.0,37.5,2.0,2.2699357232484934,2.0,0.0,0.5441176470588235,0.04776728209531983,0.1493820456862841,0.14380204011346318,0.8277940286169287,0.4978373702422145,0.19117647058823528,0.11764705882352941,0.5175510204081633,0.05714285714285714,0.1428571428571429,0.05916095041477122,0.15486179749305068,0.0,0.3867688395869052,,,0.0872572580127901,0.5360353816454685,ámbar,verde,rojo,0.019381296000574366,1.168186706000597,,,,,0.0,0.0872572580127901
veterans,dpcopula,dpcopula(ε=0.5),privacidad diferencial,True,0.5,5,"{""epsilon"": 0.5}",68,69,5,0.42095588235294124,0.20575955075652735,0.24988338537101148,27.187312328366048,0.4710178000912825,0.7129164764947512,0.5023900588036687,0.18563680505874253,0.24189867640346868,200.3,0.5433915334327171,0.8103160003829474,80.76029685298901,189.60588235294108,108.84558549995207,56.0,788.0,4.54029728531709e-28,0.19413601626010116,0.0,37.5,66.66666666666666,25.0,2.0,3.418011676706641,2.0,0.20507700968746956,0.0,37.5,66.66666666666666,25.0,2.0,3.8239655681220523,2.0,0.0,0.29411764705882354,-0.20223271790468011,0.137355393094041,0.13653149694647382,0.9196619488680915,0.5374134948096885,0.08823529411764706,0.1470588235294118,0.44,0.0,0.05714285714285716,0.0,0.07200752954078238,0.0,0.36558499500085284,,,0.21489409935603176,0.5698495742974249,rojo,ámbar,rojo,0.0692084310003338,1.4717682310001692,,,,,0.0,0.21489409935603176
veterans,dpcopula,dpcopula(ε=0.5),privacidad diferencial,True,0.5,6,"{""epsilon"": 0.5}",68,69,5,0.34558823529411764,0.24376892233052347,0.24985148484936215,27.183841551610602,0.4654002713704206,0.645409317051108,0.409212048592329,0.19646531482996135,0.18000904568068743,308.0000000000003,0.5610968648224839,0.8036890354227813,125.32445174241944,298.279411764706,172.95496002228657,111.0,814.0,2.372206029661223e-25,0.25272478264893805,0.0,25.0,0.0,62.5,3.0,4.526755914544134,1.0,0.34611622571532796,0.0,37.5,0.0,75.0,3.0,4.314549409218396,0.0,0.0,0.5588235294117647,0.062473164448261065,0.14630625193218244,0.15355634108375776,0.8863749091021973,0.5454152249134948,0.20588235294117646,0.16176470588235292,0.49142857142857144,0.14285714285714285,0.1428571428571428,0.0,0.1003006118805194,0.0,0.25583989232978666,,,0.08025447277516692,0.5049755764531605,ámbar,verde,rojo,0.024451205999866943,1.360122709999814,,,,,0.0,0.08025447277516692
veterans,dpcopula,dpcopula(ε=0.5),privacidad diferencial,True,0.5,7,"{""epsilon"": 0.5}",68,69,5,0.5018382352941176,0.22340710133413713,0.24984250259149832,27.182864281955016,0.3991989319092123,0.6639964396973743,0.4789665840255975,0.1957980560223409,0.264797507788162,365.10000000000014,0.6459763412432374,0.8681148638595448,126.06123657318898,362.11384615384634,236.05260958065736,90.0,1158.0,1.4504657954411913e-31,0.2157517623468041,0.0,37.5,0.0,50.0,3.0,5.067478419399349,2.0,0.3327116076986455,0.0,50.0,0.0,50.0,3.0,3.465042390357086,2.0,0.0,0.23529411764705882,-0.26105624731644483,0.22117949059535624,0.19852926849607055,0.9248883727579089,0.4641003460207612,0.08823529411764706,0.1029411764705882,0.5828571428571429,0.22857142857142856,0.2285714285714286,0.02903172579521275,0.10802034049293925,0.22320520043623235,0.6974803545084333,,,0.0,0.42535907047511406,rojo,ámbar,rojo,0.024574625000241213,1.3819901090000712,,,,,0.0,0.0
veterans,dpcopula,dpcopula(ε=0.5),privacidad diferencial,True,0.5,8,"{""epsilon"": 0.5}",68,69,5,0.520220588235294,0.18954447236170632,0.24975311343220355,27.173138741423745,0.5453290381960424,0.7142199723884032,0.4844367240400873,0.18769042145404702,0.1688909341923608,209.30000000000013,0.5842698457044051,0.8510185566067924,81.18360120816001,203.5448205128207,122.3612193046607,53.0,1142.0,6.409291212785675e-28,0.08369599659622853,0.0,25.0,33.33333333333333,12.5,3.0,3.7794465677261746,4.0,0.11861477329915136,0.0,25.0,33.33333333333333,37.5,2.0,3.754840955120529,4.0,0.0,0.8235294117647058,0.3271790468012022,0.17672251351849744,0.22556825485282872,0.8729399043940642,0.5413062283737025,0.20588235294117646,0.13235294117647062,0.5322448979591836,0.14285714285714285,0.14285714285714285,0.0,0.07200752954078238,0.0,0.050354142741524874,,,0.1405463366839034,0.5360353816454685,rojo,ámbar,rojo,0.025658358999862685,1.4100574700005382,,,,,0.1405463366839034,0.0872572580127901
veterans,dpcopula,dpcopula(ε=0.5),privacidad diferencial,True,0.5,9,"{""epsilon"": 0.5}",68,69,5,0.5661764705882353,0.19555845471635602,0.24974760165092072,27.172539059620174,0.35368043087971274,0.6956912028725314,0.5027255078011049,0.16595747867526595,0.34201077199281865,366.60000000000014,0.5751813098563044,0.7489927107822829,130.66339484955267,341.6784259192835,211.0150310697308,103.0,inf,9.714101749826698e-26,0.15212302719122733,0.0,12.5,0.0,12.5,3.0,3.6987774300235867,5.0,0.18434104663116233,0.0,12.5,0.0,12.5,3.0,3.0199116119229505,5.0,0.0,0.17647058823529413,-0.31987977672820955,0.25095401338019385,0.24865709761792412,0.9693120236314965,0.493295847750865,0.029411764705882353,0.1029411764705882,0.38530612244897966,0.05714285714285714,0.05714285714285714,0.04290573089410665,0.10372596728302827,0.0,1.0,,,0.0,0.47519340538374605,ámbar,verde,rojo,0.023950949999743898,1.0448668709996127,,,,,0.0,0.0
veterans,dpcopula,dpcopula(ε=1),privacidad diferencial,True,1.0,0,"{""epsilon"": 1.0}",68,69,5,0.4264705882352941,0.24566301406652827,0.24959868070033392,27.15633646019633,0.32071167883211676,0.7358576642335767,0.4310599021963255,0.14348037154735346,0.4151459854014599,345.1000000000001,0.4526806794402992,0.6072425017437807,127.47733226240544,283.80882352941177,156.33149126700633,87.0,413.0,2.7038872382793756e-14,0.1117686304294993,0.0,12.5,0.0,25.0,4.0,4.390735958040688,4.0,0.10170819689983841,0.0,12.5,0.0,25.0,4.0,4.140959507717506,4.0,0.0,0.8382352941176471,0.3418849291541434,0.13099426548593374,0.14507566019622836,0.9016326879374397,0.6180795847750865,0.08823529411764706,0.23529411764705888,0.5559183673469388,0.11428571428571428,0.19999999999999996,0.0,0.05184201149343663,0.10079903993319544,0.8326818100491584,,,0.37146096034665654,0.6911106009835821,rojo,rojo,rojo,0.027330408000125317,1.5583301119995667,,,,,0.05179492783569947,0.37146096034665654
veterans,dpcopula,dpcopula(ε=1),privacidad diferencial,True,1.0,1,"{""epsilon"": 1.0}",68,69,5,0.4319852941176471,0.3568522327851931,0.24943697950701338,27.138743370363056,0.6389140271493212,0.7230769230769231,0.5018145418942046,0.1565629872778826,0.08416289592760184,279.5,0.6346318664694143,0.8589822341980273,99.4759512500652,277.02343750000006,177.54748624993488,59.0,1034.0,5.9004560546629695e-28,0.4299542012530142,0.0,75.0,100.0,37.5,2.0,2.8598026820391267,0.0,0.4250054149183883,0.06212972077256143,62.5,66.66666666666666,37.5,3.0,2.6904522412135363,0.0,0.0,0.7352941176470589,0.23894375268355522,0.16039846177939765,0.1801220495235306,0.8599560264030763,0.5495242214532873,0.17647058823529413,0.13235294117647067,0.42367346938775513,0.08571428571428572,0.05714285714285715,0.0,0.08067671655578916,0.019260130035860287,0.2200971816967403,,,0.23854546761611822,0.48520029821340604,rojo,ámbar,rojo,0.020443350999812537,1.5192653479998626,,,,,0.13350972324142915,0.23854546761611822
veterans,dpcopula,dpcopula(ε=1),privacidad diferencial,True,1.0,2,"{""epsilon"": 1.0}",68,69,5,0.431985294117647,0.23122531920649594,0.249741682688881,27.171895076550253,0.6050574712643678,0.7402298850574712,0.4861806483852022,0.15544711248887086,0.1351724137931034,247.4000000000001,0.5492831777146658,0.7611911896693869,96.16954593035129,232.2080865359526,136.0385406056013,73.0,1348.0,2.0384627316338538e-26,0.40107613129494646,0.0,87.5,66.66666666666666,50.0,2.0,4.098925115051047,0.0,0.4190421905341636,0.0,87.5,66.66666666666666,62.5,2.0,6.118433567176677,0.0,0.0,0.36764705882352944,-0.12870330613997422,0.23989218930506517,0.19367604995471238,0.9472722006076697,0.5134083044982699,0.08823529411764706,0.10294117647058823,0.5085714285714286,0.2,0.1142857142857143,0.0,0.06132867014504343,0.42526396743808986,0.6888360268942285,,,0.0,0.2625188175416939,rojo,rojo,rojo,0.042792040000676934,1.8720588360001784,,,,,0.0,0.0
veterans,dpcopula,dpcopula(ε=1),privacidad diferencial,True,1.0,3,"{""epsilon"": 1.0}",68,69,5,0.3547794117647059,0.23055831012691116,0.23490026889397234,25.55714925566419,0.6869095816464238,0.7044534412955465,0.46709985809866555,0.1629796800683749,0.01754385964912275,258.4000000000001,0.48059063961719106,0.6808866403704338,101.56876179043044,225.8992502883506,124.33048849792016,87.0,645.0,1.6104344281357482e-18,0.31757510893220303,0.0,37.5,66.66666666666666,25.0,2.0,3.307129863847368,1.0,0.2897436825612679,0.0,25.0,66.66666666666666,37.5,2.0,3.519649244620249,1.0,0.0,0.75,0.25364963503649635,0.12462511932073957,0.1408949767324558,0.9100481176891908,0.6005622837370242,0.1323529411764706,0.22058823529411764,0.4742857142857143,0.05714285714285714,0.11428571428571432,0.0,0.02444502291932199,0.20106255649402724,0.7397015222090382,,,0.1948735483635149,0.4881100765935434,rojo,ámbar,rojo,0.024386733999563148,1.5381456459999754,,,,,0.14022231010408898,0.1948735483635149
veterans,dpcopula,dpcopula(ε=1),privacidad diferencial,True,1.0,4,"{""epsilon"": 1.0}",68,69,5,0.3400735294117647,0.24005883534965425,0.24952767543865823,27.148611087726014,0.6575771122038444,0.7349128296826106,0.4909911612885075,0.15590944802865592,0.07733571747876622,295.10000000000014,0.5623995646510062,0.7515559594954965,112.83604913860964,278.9629321123024,166.12688297369274,92.0,561.0,1.1473118742091726e-22,0.08633350449259021,0.0,50.0,50.0,25.0,1.0,6.511803593235911,2.0,0.2614614716892691,0.0,25.0,50.0,50.0,1.0,4.016257146000211,2.0,0.0,0.6911764705882353,0.19482610562473163,0.13810000535587408,0.14421403903415286,0.9069231369969266,0.47621107266435986,0.1323529411764706,0.07352941176470587,0.5314285714285715,0.05714285714285714,0.1428571428571429,0.0,0.08067671655578916,0.0,0.5618533124228441,,,0.0872572580127901,0.5360353816454685,ámbar,verde,rojo,0.022139290000268375,1.2352711940002337,,,,,0.0,0.0872572580127901
veterans,dpcopula,dpcopula(ε=1),privacidad diferencial,True,1.0,5,"{""epsilon"": 1.0}",68,69,5,0.375,0.2320068465058795,0.2498947348768429,27.188547154600506,0.4673664993153811,0.7129164764947512,0.49478966420019527,0.18563680505874253,0.2455499771793701,200.3,0.5195680040209527,0.7809042356770655,80.76029685298901,184.83235294117645,104.07205608818744,56.0,786.0,9.164503345935782e-26,0.21898803024983002,0.0,37.5,66.66666666666666,12.5,2.0,2.919984095332391,2.0,0.15843784532660876,0.0,37.5,66.66666666666666,25.0,2.0,4.019103879668145,2.0,0.0,0.5294117647058824,0.033061399742378705,0.13910901474967052,0.13790620067850112,0.9080960142548503,0.5527681660899654,0.08823529411764706,0.13235294117647067,0.5036734693877551,0.0,0.14285714285714285,0.028814623214269926,0.0965829816610077,0.1340417043293515,0.7033851108205127,,,0.14566448927192868,0.3255757526313121,rojo,ámbar,rojo,0.019590129000789602,1.1608498430005056,,,,,0.14566448927192868,0.0
veterans,dpcopula,dpcopula(ε=1),privacidad diferencial,True,1.0,6,"{""epsilon"": 1.0}",68,69,5,0.3290441176470588,0.22875723684641128,0.24988286894374112,27.187256141079033,0.42198100407055633,0.645409317051108,0.4107503833901036,0.19646531482996135,0.2234283129805517,308.0000000000003,0.5526042177636604,0.7889831530698403,125.32445174241944,295.6617647058825,170.33731296346303,111.0,695.0,2.3909202282084356e-23,0.29248929262271656,0.0,25.0,0.0,50.0,3.0,4.6979161028893515,0.0,0.3265907747722578,0.0,37.5,0.0,62.5,3.0,4.068825454289142,0.0,0.0,0.5294117647058824,0.033061399742378705,0.1390283495229882,0.15104613271991624,0.8756725358937325,0.5231401384083045,0.16176470588235295,0.14705882352941174,0.506938775510204,0.2,0.11428571428571432,0.014302908175290584,0.10949804572625454,0.0,0.3489483736238688,,,0.041804745283705425,0.49074168161430004,ámbar,verde,rojo,0.018500458999369584,1.4919685710001431,,,,,0.0,0.041804745283705425
veterans,dpcopula,dpcopula(ε=1),privacidad diferencial,True,1.0,7,"{""epsilon"": 1.0}",68,69,5,0.4448529411764706,0.2114055786460902,0.23927114190899376,26.03270023969852,0.4250111259457054,0.6639964396973743,0.44298499664360286,0.1957980560223409,0.23898531375166893,365.10000000000014,0.6353973421173635,0.8529597065168878,126.06123657318898,358.24467329545473,232.18343672226575,90.0,1101.0,4.459813052924758e-30,0.1728749935599022,0.0,37.5,0.0,37.5,3.0,4.193972029481979,2.0,0.23213049180041648,0.0,37.5,0.0,50.0,3.0,4.036189994655782,2.0,0.0,0.3088235294117647,-0.18752683555173894,0.18510758696854815,0.1633269232333751,0.9068371834267115,0.4755622837370242,0.04411764705882353,0.08823529411764702,0.5869387755102042,0.2,0.2571428571428572,0.0,0.08067671655578916,0.10570417009960897,0.6091108896679343,,,0.0,0.4066162467633522,rojo,ámbar,rojo,0.04251443900011509,1.7085058749999007,,,,,0.0,0.0
veterans,dpcopula,dpcopula(ε=1),privacidad diferencial,True,1.0,8,"{""epsilon"": 1.0}",68,69,5,0.443014705882353,0.2059461612230686,0.24960189416568013,27.156686085225996,0.5131155085135757,0.7142199723884032,0.46242076166385127,0.18769042145404702,0.2011044638748275,209.30000000000013,0.5623120799456782,0.7997599524018574,81.18360120816001,198.95783283671938,117.77423162855936,53.0,1113.0,3.4782916971397836e-25,0.14684483656051706,0.0,25.0,33.33333333333333,37.5,3.0,11.542654960540581,2.0,0.209191632538965,0.0,12.5,33.33333333333333,37.5,2.0,8.720611484655263,2.0,0.0,0.6617647058823529,0.16541434091884927,0.15095722181996668,0.19084134172103895,0.87783213171135,0.49480968858131485,0.1323529411764706,0.08823529411764708,0.5085714285714286,0.17142857142857143,0.1142857142857143,0.0,0.04381708894702892,0.0,0.1609203136482281,,,0.0872572580127901,0.5360353816454685,ámbar,verde,rojo,0.041083074000198394,1.5439238170001772,,,,,0.018896187016736017,0.0872572580127901
veterans,dpcopula,dpcopula(ε=1),privacidad diferencial,True,1.0,9,"{""epsilon"": 1.0}",68,69,5,0.4797794117647059,0.20279926770303855,0.24979681828826178,27.17789382976288,0.32091561938958707,0.6956912028725314,0.4373859614571797,0.16595747867526595,0.3747755834829443,366.60000000000014,0.44665564755329995,0.5837915060102041,130.66339484955267,294.53900132266807,163.8756064731154,103.0,833.0,4.6879478902531555e-17,0.18532885734133137,0.0,25.0,0.0,50.0,3.0,3.326462588350222,4.0,0.24033884548761736,0.0,25.0,0.0,37.5,3.0,2.6820671970398724,4.0,0.0,0.16176470588235295,-0.3345856590811507,0.16501317612825894,0.13982723916215145,0.9745879775373464,0.49718858131487886,0.029411764705882353,0.0735294117647059,0.39673469387755106,0.0,0.0,0.0,0.04916336137545899,0.18313795030074276,0.8324973368954444,,,0.0,0.47519340538374605,rojo,ámbar,rojo,0.02091956799995387,1.1762519039994004,,,,,0.0,0.0
veterans,dpcopula,dpcopula(ε=5),privacidad diferencial,True,5.0,0,"{""epsilon"": 5.0}",68,69,5,0.2720588235294118,0.220418858969833,0.1726690925346197,18.786397267766624,0.36678832116788324,0.7358576642335767,0.3820461338839183,0.14348037154735346,0.36906934306569344,345.1000000000001,0.3225336206167698,0.47466234068187074,127.47733226240544,238.5161764705882,111.03884420818275,87.0,380.0,2.108331500531999e-07,0.3473847678498681,0.0,50.0,25.0,62.5,4.0,3.0695186296458736,0.0,0.36188645130325003,0.0,50.0,25.0,37.5,4.0,2.880419398142103,0.0,0.0,0.6617647058823529,0.16541434091884927,0.07766801173682183,0.10758771938745071,0.9028053811720131,0.5380622837370242,0.04411764705882353,0.13235294117647056,0.5134693877551021,0.14285714285714285,0.08571428571428574,0.0,0.04874882100459921,0.0,0.20498755117261086,,,0.17288637257575992,0.5291588412523329,rojo,ámbar,rojo,0.0496037430002616,1.4559869400000025,,,,,0.0,0.17288637257575992
veterans,dpcopula,dpcopula(ε=5),privacidad diferencial,True,5.0,1,"{""epsilon"": 5.0}",68,69,5,0.2555147058823529,0.28301207299471554,0.12385997346590785,13.475965113090774,0.5597285067873303,0.7230769230769231,0.34450736724690895,0.1565629872778826,0.16334841628959273,279.5,0.35415158877208397,0.4923483821602383,99.4759512500652,198.54636075430562,99.07040950424043,59.0,301.0,1.6152418467452441e-09,0.45785491469693584,0.0,87.5,100.0,75.0,0.0,3.8094194790746587,0.0,0.4033180674171855,0.0,87.5,100.0,62.5,0.0,3.4767110145519657,0.0,0.0,0.5882352941176471,0.09188492915414342,0.09238678258405333,0.10751163546700511,0.8283240433180972,0.448961937716263,0.058823529411764705,0.07352941176470595,0.41306122448979593,0.11428571428571428,0.17142857142857137,0.0,0.062192224973465736,0.0,0.2148062603290477,,,0.0,0.33463579734630844,ámbar,verde,rojo,0.019995089000076405,1.0477706660003605,,,,,0.0,0.0
veterans,dpcopula,dpcopula(ε=5),privacidad diferencial,True,5.0,2,"{""epsilon"": 5.0}",68,69,5,0.24080882352941174,0.22475752216993602,0.22042307018540866,23.98203003617246,0.6933333333333334,0.7402298850574712,0.43315609567217567,0.15544711248887086,0.04689655172413787,247.4000000000001,0.3674181035557612,0.4983477445230289,96.16954593035129,187.2308247818117,91.0612788514604,73.0,242.0,6.773095712480931e-11,0.4033142267392839,0.0,87.5,100.0,50.0,1.0,4.090940978817457,0.0,0.4955801767793599,0.0,87.5,100.0,50.0,2.0,3.3010709001017604,0.0,0.0,0.47058823529411764,-0.025762129669386014,0.10046854237513356,0.11593011872413587,0.8990511876576933,0.6161332179930796,0.23529411764705882,0.19117647058823528,0.5926530612244898,0.14285714285714285,0.2,0.014303454690891788,0.1273580187252832,0.3149991476621529,0.5914638128856461,,,0.20902372641852712,0.6072540916317286,rojo,rojo,rojo,0.021046431000286248,1.0237509380003758,,,,,0.08525016661650428,0.20902372641852712
veterans,dpcopula,dpcopula(ε=5),privacidad diferencial,True,5.0,3,"{""epsilon"": 5.0}",68,69,5,0.23161764705882354,0.22423956731787303,0.1898227763345311,20.652718065196982,0.6356275303643725,0.7044534412955465,0.34736755636553607,0.1629796800683749,0.06882591093117407,258.4000000000001,0.32674109064110807,0.4715314697307491,101.56876179043044,186.11520532741397,84.54644353698353,87.0,184.0,1.2295008651076952e-09,0.39173695080796367,0.0,37.5,33.33333333333333,75.0,2.0,3.6110063185723824,0.0,0.2848168223844079,0.0,25.0,33.33333333333333,62.5,2.0,4.670232588107313,0.0,0.0,0.6764705882352942,0.1801202232717905,0.0886043083600449,0.10212214477673463,0.8553922364442503,0.6118079584775087,0.11764705882352941,0.23529411764705882,0.48408163265306114,0.05714285714285714,0.14285714285714285,0.0,0.1073690439038951,0.3906091007634066,0.7949694816566915,,,0.25872610874835783,0.5765588374656472,rojo,rojo,rojo,0.04462574399985897,1.244875116000003,,,,,0.0,0.25872610874835783
veterans,dpcopula,dpcopula(ε=5),privacidad diferencial,True,5.0,4,"{""epsilon"": 5.0}",68,69,5,0.21323529411764705,0.23569993826734117,0.21952242769072244,23.884040132750602,0.6334376396960214,0.7349128296826106,0.3301226404202093,0.15590944802865592,0.10147518998658922,295.10000000000014,0.2902766244712284,0.41927312648725745,112.83604913860964,198.16863874330716,85.33258960469752,92.0,433.0,3.200431254540299e-08,0.18141627396485532,0.0,37.5,50.0,37.5,1.0,5.919836425961861,0.0,0.31311650898366117,0.0,37.5,50.0,62.5,1.0,4.069856661982456,0.0,0.0,0.75,0.25364963503649635,0.10563690156581354,0.11656284575896125,0.8449911389847973,0.48637543252595156,0.1323529411764706,0.08823529411764705,0.49632653061224496,0.02857142857142857,0.08571428571428574,0.0,0.005201875355044683,0.0,0.3774796722283902,,,0.0872572580127901,0.5360353816454685,ámbar,verde,rojo,0.01902444600000308,1.198609034000583,,,,,0.017568292085487925,0.0872572580127901
veterans,dpcopula,dpcopula(ε=5),privacidad diferencial,True,5.0,5,"{""epsilon"": 5.0}",68,69,5,0.2757352941176471,0.22593694540920123,0.22397287561742626,24.36824886717598,0.48562300319488816,0.7129164764947512,0.4285939224231168,0.18563680505874253,0.22729347329986305,200.3,0.3356341804915409,0.5161983533241241,80.76029685298901,147.9882352941176,67.22793844112859,56.0,638.0,1.4311071834993435e-12,0.21443230759398368,0.0,50.0,66.66666666666666,37.5,2.0,4.833962383846412,0.0,0.3051261577295676,0.0,50.0,66.66666666666666,37.5,3.0,4.217915222352884,0.0,0.0,0.5,0.003649635036496346,0.11422555924817088,0.10829253208100792,0.9163624976601119,0.515787197231834,0.17647058823529413,0.11764705882352942,0.4685714285714286,0.05714285714285714,0.08571428571428574,0.0,0.09088766668304495,0.0,0.3759930565428128,,,0.08784146042743962,0.3920823476064491,ámbar,verde,rojo,0.019654045000606857,1.2470801580002444,,,,,0.08784146042743962,0.0
veterans,dpcopula,dpcopula(ε=5),privacidad diferencial,True,5.0,6,"{""epsilon"": 5.0}",68,69,5,0.19485294117647056,0.21863522618359285,0.15197326961007332,16.534691733575976,0.46087743102668477,0.645409317051108,0.38005582123551024,0.19646531482996135,0.18453188602442328,308.0000000000003,0.3185410107500858,0.4467885829340936,125.32445174241944,223.53393665158376,98.20948490916432,111.0,329.0,1.7054481597368887e-09,0.18756128556320623,0.0,25.0,0.0,50.0,3.0,6.584374202994566,0.0,0.2556619232762952,0.0,37.5,0.0,62.5,3.0,6.6099843702926,0.0,0.0,0.5,0.003649635036496346,0.0980798140494747,0.10168047329656085,0.8701177709373755,0.4924307958477509,0.04411764705882353,0.11764705882352944,0.5518367346938776,0.14285714285714285,0.17142857142857143,0.06130052010382139,0.1810840617952342,0.0,0.5778259213945635,,,0.1543166450556471,0.5462788630347442,rojo,ámbar,rojo,0.018891068999437266,1.2026658630002203,,,,,0.0,0.1543166450556471
veterans,dpcopula,dpcopula(ε=5),privacidad diferencial,True,5.0,7,"{""epsilon"": 5.0}",68,69,5,0.24448529411764708,0.16979612381801987,0.1783201571015044,19.40123309264368,0.45482866043613707,0.6639964396973743,0.32084944292151696,0.1957980560223409,0.20916777926123725,365.10000000000014,0.4498305799975623,0.5966533650403189,126.06123657318898,290.45603956302836,164.39480298983938,90.0,949.0,1.6937402351337182e-15,0.395851833191486,0.0,50.0,33.33333333333333,37.5,3.0,2.6896840212367783,0.0,0.41538758045545254,0.0,37.5,0.0,37.5,3.0,2.671366519885562,0.0,0.0,0.4852941176470588,-0.011056247316444834,0.1225909803690265,0.11386489197405317,0.844427693490076,0.4615051903114187,0.11764705882352941,0.07352941176470587,0.590204081632653,0.3142857142857143,0.2571428571428572,0.01430214874868874,0.07665606297285943,0.08360949056741085,0.5201225877237869,,,0.0,0.4598535051166974,ámbar,verde,rojo,0.060516604000440566,1.0708556070003397,,,,,0.0,0.0
veterans,dpcopula,dpcopula(ε=5),privacidad diferencial,True,5.0,8,"{""epsilon"": 5.0}",68,69,5,0.2867647058823529,0.18459736120761897,0.16745293006111361,18.21887879064916,0.5375057524160147,0.7142199723884032,0.26681240062063605,0.18769042145404702,0.17671421997238845,209.30000000000013,0.3146142465514801,0.4824571381621533,81.18360120816001,147.098618530895,65.915017322735,53.0,377.0,4.514141596585886e-09,0.169942280113858,0.0,12.5,33.33333333333333,50.0,2.0,4.251809342401723,2.0,0.11640606543681853,0.0,12.5,33.33333333333333,25.0,3.0,5.175493929949271,1.0,0.0,0.6617647058823529,0.16541434091884927,0.0899128958601127,0.11896235701850014,0.8312685162072022,0.5099480968858131,0.16176470588235295,0.08823529411764708,0.4897959183673469,0.14285714285714285,0.11428571428571428,0.0,0.029944643969169626,0.0,0.27027576227255845,,,0.08025447277516692,0.5049755764531605,ámbar,verde,rojo,0.02018382799997198,1.13640253199992,,,,,0.05778039010758086,0.08025447277516692
veterans,dpcopula,dpcopula(ε=5),privacidad diferencial,True,5.0,9,"{""epsilon"": 5.0}",68,69,5,0.2757352941176471,0.15292944893858143,0.16651933907352193,18.117304091199184,0.36938958707360864,0.6956912028725314,0.4414021098799106,0.16595747867526595,0.32630161579892275,366.60000000000014,0.2674697401090388,0.39421160622582657,130.66339484955267,228.81526360779296,98.15186875824028,103.0,221.0,1.1337808323191186e-07,0.28018111591904427,0.0,12.5,0.0,62.5,3.0,3.808016877803799,0.0,0.2056856141907448,0.0,12.5,0.0,25.0,3.0,4.469069807342477,0.0,0.0,0.36764705882352944,-0.12870330613997422,0.11918806812943046,0.0998814673874724,0.9200719870110368,0.4859429065743945,0.058823529411764705,0.07352941176470595,0.45061224489795915,0.11428571428571428,0.08571428571428574,0.0,0.08171544851645494,0.0,0.47518884951411755,,,0.0,0.4598535051166974,ámbar,verde,rojo,0.020323292999819387,1.2847877789999984,,,,,0.0,0.0
veterans,dpcopula,dpcopula(ε=10),privacidad diferencial,True,10.0,0,"{""epsilon"": 10.0}",68,69,5,0.20955882352941177,0.1882742332881979,0.12953296733678824,14.09318684624256,0.43156934306569344,0.7358576642335767,0.3487466199501472,0.14348037154735346,0.30428832116788324,345.1000000000001,0.23396744414618162,0.34253661939083924,127.47733226240544,207.77794117647053,80.3006089140651,87.0,257.0,5.354048316573371e-05,0.39254908655152293,0.0,62.5,50.0,50.0,4.0,2.7115529675627936,0.0,0.32337110403110203,0.0,62.5,50.0,25.0,4.0,2.5752814138789617,0.0,0.0,0.6029411764705882,0.10659081150708455,0.06897923988621141,0.07246584613319448,0.9212926834536446,0.5540657439446367,0.058823529411764705,0.19117647058823528,0.5273469387755102,0.22857142857142856,0.14285714285714285,0.0,0.0,0.0,0.5424375150697296,,,0.29106687234190254,0.6010783368843001,rojo,ámbar,rojo,0.02139200199962943,1.4113504709994231,,,,,0.0,0.29106687234190254
veterans,dpcopula,dpcopula(ε=10),privacidad diferencial,True,10.0,1,"{""epsilon"": 10.0}",68,69,5,0.2003676470588235,0.21592005446844142,0.07900656606629083,8.595914388012442,0.485972850678733,0.7230769230769231,0.34086541039597257,0.1565629872778826,0.23710407239819004,279.5,0.19335230639964757,0.2617713664905546,99.4759512500652,153.5557924978027,54.07984124773752,59.0,125.0,7.893605479705739e-05,0.21265786585152985,0.0,75.0,100.0,37.5,1.0,4.1727065756766075,0.0,0.4292916087396361,0.0,87.5,100.0,50.0,1.0,2.9512983378202255,0.0,0.0,0.5735294117647058,0.07717904680120219,0.09131911789431438,0.0944533144047251,0.8498920582556607,0.5291955017301038,0.16176470588235295,0.11764705882352944,0.4881632653061225,0.11428571428571428,0.11428571428571432,0.03022242089623005,0.1536642014016147,0.0,0.3841750536864925,,,0.08590885845331443,0.4069569206828785,ámbar,verde,rojo,0.01863918700018985,1.1004058789994815,,,,,0.018208061158991092,0.08590885845331443
veterans,dpcopula,dpcopula(ε=10),privacidad diferencial,True,10.0,2,"{""epsilon"": 10.0}",68,69,5,0.17647058823529413,0.18635009827964372,0.1571382071667785,17.0966369397455,0.6565517241379311,0.7402298850574712,0.3677559656328157,0.15544711248887086,0.08367816091954017,247.4000000000001,0.2554482694004897,0.35586496422893477,96.16954593035129,159.4652649708532,63.29571904050192,73.0,220.0,1.2767511503766648e-06,0.36927399847306586,0.0,75.0,100.0,50.0,1.0,2.6282212764441493,0.0,0.4716936479163092,0.0,87.5,100.0,50.0,1.0,2.589353690921216,0.0,0.0,0.5735294117647058,0.07717904680120219,0.08465714439707772,0.09748870012257493,0.8720930176511914,0.6040224913494809,0.16176470588235295,0.19117647058823528,0.5542857142857143,0.14285714285714285,0.19999999999999996,0.0,0.06311958075460036,0.4136937498521479,0.8210577007096922,,,0.2263853451548131,0.5518970486223647,rojo,rojo,rojo,0.020815748000131862,1.1040669220001291,,,,,0.09448093508368008,0.2263853451548131
veterans,dpcopula,dpcopula(ε=10),privacidad diferencial,True,10.0,3,"{""epsilon"": 10.0}",68,69,5,0.15625,0.18466805553811821,0.13536665792974936,14.72789238275673,0.589293747188484,0.7044534412955465,0.2962972057039698,0.1629796800683749,0.1151596941070625,258.4000000000001,0.1994925585441546,0.31059243974087286,101.56876179043044,153.1949715370018,51.62620974657136,87.0,161.0,3.1031919509885566e-05,0.40378995870062884,0.0,37.5,33.33333333333333,62.5,2.0,3.702983226548212,0.0,0.32607871588723364,0.0,37.5,33.33333333333333,62.5,2.0,5.059296902167532,0.0,0.0,0.5147058823529411,0.01835551738943747,0.06566587243799389,0.06537817216897986,0.870474061427368,0.5635813148788927,0.16176470588235295,0.16176470588235298,0.4269387755102041,0.05714285714285714,0.05714285714285716,0.047204331463824606,0.18733538977044933,0.0,0.48152638222632665,,,0.09123783988027134,0.5527932964742603,ámbar,verde,rojo,0.01944094100053917,1.3447881070005678,,,,,0.038520260071720575,0.09123783988027134
veterans,dpcopula,dpcopula(ε=10),privacidad diferencial,True,10.0,4,"{""epsilon"": 10.0}",68,69,5,0.18014705882352938,0.20256330086778465,0.1476857237036173,16.06820673895356,0.665176575771122,0.7349128296826106,0.2770947053117596,0.15590944802865592,0.06973625391148863,295.10000000000014,0.24154127691741642,0.35033226063637507,112.83604913860964,184.10809369557015,71.27204455696051,92.0,206.0,6.706882833613818e-06,0.2675870757854124,0.0,25.0,50.0,62.5,1.0,3.7690107376768807,0.0,0.31658036115834165,0.0,37.5,50.0,75.0,1.0,3.972531818269182,0.0,0.0,0.6617647058823529,0.16541434091884927,0.0960222973852487,0.12126273545507303,0.846669797170817,0.5808823529411764,0.27941176470588236,0.19117647058823528,0.6,0.2571428571428571,0.2285714285714286,0.014302908175290584,0.10949804572625454,0.0,0.4430860629859842,,,0.18056251306360274,0.41843393386633204,rojo,ámbar,rojo,0.020302054999774555,1.2731494109993946,,,,,0.18056251306360274,0.0
veterans,dpcopula,dpcopula(ε=10),privacidad diferencial,True,10.0,5,"{""epsilon"": 10.0}",68,69,5,0.17830882352941174,0.21517313066404156,0.1339870228989393,14.577788091404594,0.5979005020538567,0.7129164764947512,0.3280775868655976,0.18563680505874253,0.11501597444089451,200.3,0.20206800402095268,0.3397277650888302,80.76029685298901,121.18529411764703,40.42499726465802,56.0,122.0,1.3763926271053706e-06,0.4637947050250288,0.0,50.0,66.66666666666666,50.0,2.0,2.847261350293262,0.0,0.3997723693897335,0.0,50.0,66.66666666666666,62.5,2.0,3.19234473088232,0.0,0.0,0.5147058823529411,0.01835551738943747,0.08793292072763956,0.08339457504189784,0.8892745163534141,0.5261678200692042,0.11764705882352941,0.10294117647058831,0.5085714285714286,0.08571428571428572,0.08571428571428574,0.0,0.003202556413557503,0.15855625514941346,0.6420515679623569,,,0.09104030579495542,0.30214712149376743,rojo,ámbar,rojo,0.020289787000365322,1.1462824509999336,,,,,0.09104030579495542,0.0
veterans,dpcopula,dpcopula(ε=10),privacidad diferencial,True,10.0,6,"{""epsilon"": 10.0}",68,69,5,0.1599264705882353,0.20092090441589355,0.1131092460289484,12.306285967949584,0.45816372682044326,0.645409317051108,0.33590937480600636,0.19646531482996135,0.18724559023066478,308.0000000000003,0.1737439236460134,0.2595713883639579,125.32445174241944,178.76470588235298,53.44025413993354,111.0,172.0,8.318585722024671e-05,0.2395418708257149,0.0,25.0,0.0,37.5,3.0,5.450194894368233,0.0,0.20782730441416933,0.0,37.5,0.0,37.5,3.0,6.260756330214077,0.0,0.0,0.5735294117647058,0.07717904680120219,0.0606181627860308,0.10403797314740992,0.7726560977643262,0.5330882352941176,0.08823529411764706,0.13235294117647062,0.5265306122448979,0.22857142857142856,0.14285714285714288,0.0,0.12275654466510089,0.18796562957158203,0.5138983321071916,,,0.053647368902969055,0.4453358456838409,rojo,ámbar,rojo,0.020792630999494577,1.1967162519995327,,,,,0.053647368902969055,0.0
veterans,dpcopula,dpcopula(ε=10),privacidad diferencial,True,10.0,7,"{""epsilon"": 10.0}",68,69,5,0.17095588235294118,0.16721247169471903,0.140235436614909,15.2576155037021,0.42456608811748997,0.6639964396973743,0.33250084115749295,0.1957980560223409,0.23943035157988435,365.10000000000014,0.2868077898502319,0.37317042768822384,126.06123657318898,230.8937415800896,104.83250500690062,90.0,257.0,6.319799969364279e-08,0.33169418286653835,0.0,50.0,33.33333333333333,25.0,3.0,3.099305061238674,0.0,0.3733851605248066,0.0,62.5,66.66666666666666,37.5,3.0,3.105193034992438,0.0,0.0,0.39705882352941174,-0.09929154143409191,0.10445520590963081,0.09735738968255259,0.8334497098108531,0.4578287197231834,0.058823529411764705,0.07352941176470584,0.5420408163265306,0.08571428571428572,0.17142857142857149,0.0,0.1003006118805194,0.0,0.6340635062925868,,,0.06075199534829855,0.40441552704370987,ámbar,verde,rojo,0.020021662000544893,0.8776168730000791,,,,,0.0,0.06075199534829855
veterans,dpcopula,dpcopula(ε=10),privacidad diferencial,True,10.0,8,"{""epsilon"": 10.0}",68,69,5,0.18198529411764702,0.16380597928404034,0.09751075326925418,10.609169955694854,0.5715600552231938,0.7142199723884032,0.26058332917591553,0.18769042145404702,0.14265991716520943,209.30000000000013,0.17158872519449883,0.2525797999279192,81.18360120816001,117.11689946718873,35.93329825902872,53.0,114.0,0.0002216318296357368,0.17530047009269828,0.0,12.5,33.33333333333333,50.0,2.0,4.872755342775478,0.0,0.223575079895916,0.0,12.5,33.33333333333333,50.0,2.0,4.4084077873511,0.0,0.0,0.6029411764705882,0.10659081150708455,0.06652096994202096,0.09434029698660895,0.8080199840404614,0.5635813148788927,0.14705882352941177,0.13235294117647062,0.5355102040816326,0.2,0.1428571428571429,0.0,0.03728344998120388,0.0,0.6844949878456369,,,0.30540040304476535,0.6834328981119807,rojo,rojo,rojo,0.02306237199991301,1.300859522999417,,,,,0.16691168866630637,0.30540040304476535
veterans,dpcopula,dpcopula(ε=10),privacidad diferencial,True,10.0,9,"{""epsilon"": 10.0}",68,69,5,0.18198529411764705,0.1430052476954175,0.10601880560767715,11.534846050115274,0.6104129263913824,0.6956912028725314,0.2940135338436925,0.16595747867526595,0.08527827648114894,366.60000000000014,0.2155542106525668,0.27878319245586775,130.66339484955267,209.71891539832714,79.05552054877447,103.0,155.0,5.0204903464525536e-06,0.343719231953301,0.0,25.0,33.33333333333333,37.5,2.0,2.5488004153255823,0.0,0.3138032648677379,0.0,37.5,33.33333333333333,50.0,3.0,3.0002098402680852,0.0,0.0,0.45588235294117646,-0.04046801202232719,0.07802719428128238,0.06862475051118092,0.8679972715947232,0.4792387543252595,0.08823529411764706,0.05882352941176461,0.3828571428571429,0.11428571428571428,0.05714285714285714,0.0,0.08171544851645494,0.0,0.6163521245686217,,,0.0,0.4066162467633522,ámbar,verde,rojo,0.0220626699992863,1.1899954229993455,,,,,0.0,0.0
veterans,marginal,marginal,control,False,,0,{},68,69,5,0.07169117647058823,0.14661875463391502,0.009596488857665939,1.0440979877140542,0.5451642335766423,0.7358576642335767,0.22578282136385155,0.14348037154735346,0.19069343065693434,345.1000000000001,0.0432410647340549,0.10838761106890793,127.47733226240544,140.8960739134363,13.41874165103087,87.0,87.0,0.6407544938182788,0.5479096790131378,0.0,50.0,75.0,62.5,3.0,1.6536775410340896,0.0,0.5967710499869785,0.12548769662429243,50.0,50.0,50.0,4.0,1.5962937349623214,0.0,0.0,0.45588235294117646,-0.04046801202232719,0.03797067625029152,0.037120809198001925,0.8042111893666657,0.5445501730103806,0.1323529411764706,0.13235294117647056,0.5257142857142857,0.08571428571428572,0.11428571428571432,0.014307213116534207,0.20991280582303853,0.0,0.6169299569467344,,,0.1670344700258699,0.4653552388371454,rojo,ámbar,rojo,0.025043056999493274,1.0106401789998927,,,,,0.07558474806694407,0.1670344700258699
veterans,marginal,marginal,control,False,,1,{},68,69,5,0.05147058823529412,0.1220077877846152,0.0034159031648843576,0.3716502643394181,0.5235294117647059,0.7230769230769231,0.22691393521011205,0.1565629872778826,0.19954751131221715,279.5,0.053359048792497955,0.12838840454214473,99.4759512500652,84.55973839725041,-14.91621285281478,59.0,51.0,0.28322184530735656,0.6085334556996211,0.0,62.5,66.66666666666666,62.5,3.0,1.5494294302808966,0.0,0.5940359541582458,0.04134859653706545,75.0,100.0,62.5,3.0,1.5894846000026075,0.0,0.0,0.45588235294117646,-0.04046801202232719,0.03790670745266493,0.03197567856891044,0.8009000586017159,0.5612024221453287,0.10294117647058823,0.13235294117647062,0.52,0.11428571428571428,0.1428571428571428,0.12006548946125427,0.28949898582129185,0.0,0.38680711654920474,,,0.0,0.4612150936955965,rojo,ámbar,rojo,0.010710898000070301,1.334046846000092,,,,,0.0,0.0
veterans,marginal,marginal,control,False,,2,{},68,69,5,0.056985294117647065,0.12611534076918038,0.002025446029824613,0.22036852804491788,0.40597701149425286,0.7402298850574712,0.2581910417372204,0.15544711248887086,0.33425287356321837,247.4000000000001,0.08457056184733924,0.15184446660019957,96.16954593035129,75.92451870195858,-20.245027228392715,73.0,30.0,0.31917692862570685,0.5292881048533844,0.0,37.5,33.33333333333333,62.5,3.0,1.8402907054872981,0.0,0.6383585724764295,0.0,62.5,33.33333333333333,62.5,3.0,1.470432191356728,0.0,0.0,0.5,0.003649635036496346,0.03909743182446836,0.04010701409340645,0.783476221871374,0.47902249134948094,0.04411764705882353,0.08823529411764708,0.5608163265306122,0.34285714285714286,0.2571428571428571,0.2258253035824426,0.39495379533306585,0.0,0.5176777868450837,,,0.0,0.19024719735856277,rojo,ámbar,rojo,0.012372058999972069,1.5153527479997138,,,,,0.0,0.0
veterans,marginal,marginal,control,False,,3,{},68,69,5,0.04595588235294118,0.12560579853833137,0.0018889217328125897,0.20551468453000976,0.32703553756185333,0.7044534412955465,0.2908989362719656,0.1629796800683749,0.3774179037336932,258.4000000000001,0.024114712413204415,0.0735294117647054,101.56876179043044,105.17511627906971,3.606354488639269,87.0,98.0,0.9927214434642438,0.5220134106775353,0.0,37.5,0.0,62.5,3.0,2.291358713355243,0.0,0.5818021819474002,0.0,75.0,66.66666666666666,62.5,3.0,1.7431645744131878,0.0,0.0,0.6323529411764706,0.1360025762129669,0.029346144380806714,0.032351488051655025,0.7034112558393327,0.5735294117647058,0.14705882352941177,0.19117647058823523,0.4873469387755102,0.05714285714285714,0.11428571428571432,0.14590429725182102,0.2924604431554685,0.0,0.27165952226233336,,,0.05462418347697324,0.39053442675317473,rojo,ámbar,rojo,0.01976755299983779,1.155181285999788,,,,,0.05462418347697324,0.03132760492859701
veterans,marginal,marginal,control,False,,4,{},68,69,5,0.08088235294117649,0.11792738549191559,0.013499466278712919,1.4687419311239656,0.39293696915511844,0.7349128296826106,0.2540005406406757,0.15590944802865592,0.3419758605274922,295.10000000000014,0.05667578600827783,0.10842997177591213,112.83604913860964,129.36798905608754,16.5319399174779,92.0,94.0,0.39302770236926865,0.6299572459125575,0.0,62.5,50.0,75.0,2.0,1.5176437626186494,0.0,0.6182341215225378,0.0,75.0,50.0,75.0,2.0,1.5107275836632081,0.0,0.0,0.5588235294117647,0.062473164448261065,0.036805736344554904,0.04094587787522305,0.6596979491704615,0.4480968858131488,0.1323529411764706,0.044117647058823595,0.5526530612244898,0.05714285714285714,0.2,0.14590429725182102,0.2924604431554685,0.0,0.7238818020806501,,,0.0,0.38934384250281273,rojo,ámbar,rojo,0.01129729700005555,0.9306176420004704,,,,,0.0,0.0
veterans,marginal,marginal,control,False,,5,{},68,69,5,0.05330882352941177,0.11371468010288299,0.005965224000711215,0.6490163712773801,0.43678685531720673,0.7129164764947512,0.30077627468813845,0.18563680505874253,0.27612962117754447,200.3,0.04909140389473615,0.14799465240641707,80.76029685298901,71.00907563025207,-9.751221222736945,56.0,38.0,0.3499411281959781,0.5081967861846545,0.06715679912435163,50.0,66.66666666666666,62.5,3.0,1.9326909216109702,0.0,0.5531555829753043,0.010679870167770344,25.0,0.0,62.5,3.0,1.83203989350343,0.0,0.0,0.5882352941176471,0.09188492915414342,0.03316411482994083,0.03843203395759774,0.7344598658728352,0.49243079584775085,0.11764705882352941,0.07352941176470584,0.523265306122449,0.02857142857142857,0.1428571428571429,0.08742809600366408,0.2691153886862303,0.0,0.7052155633882401,,,0.08784146042743962,0.28155261694830314,ámbar,verde,rojo,0.012618302000191761,0.9584454870000627,,,,,0.08784146042743962,0.0
veterans,marginal,marginal,control,False,,6,{},68,69,5,0.06066176470588236,0.11790447049274755,0.008679901549656782,0.9443732886026579,0.52962460425147,0.645409317051108,0.23673875615172113,0.19646531482996135,0.11578471279963809,308.0000000000003,0.029209880841941628,0.07237664296487833,125.32445174241944,127.84038492029606,2.5159331778766187,111.0,122.0,0.8586699669301943,0.5052197591986651,0.0,62.5,66.66666666666666,62.5,3.0,2.008251420371482,0.0,0.5165448156035343,0.0,50.0,33.33333333333333,62.5,3.0,2.0739190928436493,0.0,0.0,0.5882352941176471,0.09188492915414342,0.03683131064340997,0.04246856474777223,0.6215841747431095,0.5754757785467128,0.16176470588235295,0.20588235294117646,0.6,0.22857142857142856,0.2571428571428572,0.29628584716846945,0.43356237217323135,0.24076341832550077,0.618254811169585,,,0.15415949523301847,0.43264790306784734,rojo,ámbar,rojo,0.01054719399962778,1.2954832819996227,,,,,0.09272871592572574,0.15415949523301847
veterans,marginal,marginal,control,False,,7,{},68,69,5,0.0661764705882353,0.1336803971463246,0.01296496620963396,1.4105883236081747,0.4552736982643525,0.6639964396973743,0.23491199665403809,0.1957980560223409,0.20872274143302183,365.10000000000014,0.03663821074686214,0.10382770129328289,126.06123657318898,113.40653417932828,-12.654702393860703,90.0,95.0,0.2990669505237272,0.4421794693794967,0.0,50.0,33.33333333333333,62.5,3.0,2.2565986429853346,0.0,0.49495017794077784,0.0,37.5,0.0,62.5,3.0,2.128029231942212,0.0,0.0,0.39705882352941174,-0.09929154143409191,0.04648409746063772,0.04239084525184812,0.6760755275768157,0.4779411764705882,0.10294117647058823,0.07352941176470595,0.5436734693877551,0.11428571428571428,0.17142857142857149,0.10243885377438877,0.27164920827796435,0.0,0.6556471403284841,,,0.08784146042743962,0.25676767638975967,rojo,ámbar,rojo,0.012341988000116544,1.2852756440006488,,,,,0.08784146042743962,0.0
veterans,marginal,marginal,control,False,,8,{},68,69,5,0.07536764705882354,0.08885883553994188,0.012176236059754946,1.324774483301338,0.5853658536585366,0.7142199723884032,0.21570149792674653,0.18769042145404702,0.12885411872986663,209.30000000000013,0.03763161176718157,0.08728213507625282,81.18360120816001,88.33171568627448,7.148114478114465,53.0,81.0,0.8255334301114401,0.3976212860006106,0.0,50.0,66.66666666666666,50.0,3.0,2.4911180485007702,0.0,0.5479647947922587,0.0,62.5,100.0,62.5,3.0,1.8398910835807207,0.0,0.0,0.6323529411764706,0.1360025762129669,0.02893971150143456,0.038584737385899535,0.6444875166014565,0.5901816608996541,0.16176470588235295,0.19117647058823528,0.5942857142857143,0.11428571428571428,0.2285714285714286,0.0,0.17213942246750769,0.0,0.3578675615492716,,,0.0,0.3774796722283902,ámbar,verde,rojo,0.01176111199947627,0.960463057999732,,,,,0.0,0.0
veterans,marginal,marginal,control,False,,9,{},68,69,5,0.05514705882352942,0.1682920920663553,0.0062074675301843725,0.6753724672840598,0.5574506283662477,0.6956912028725314,0.22150283800295553,0.16595747867526595,0.1382405745062837,366.60000000000014,0.019788633776091046,0.0857142857142858,130.66339484955267,125.20294117647055,-5.460453673082128,103.0,99.0,0.8930617520747491,0.4879881931787129,0.0,50.0,33.33333333333333,62.5,3.0,1.9750264543613865,0.0,0.6263546453113673,0.0,87.5,66.66666666666666,62.5,3.0,1.5373114004728272,0.0,0.0,0.4852941176470588,-0.011056247316444834,0.0438868036007745,0.03565256241288231,0.6851168620970667,0.5568771626297577,0.1323529411764706,0.1470588235294118,0.5722448979591837,0.11428571428571428,0.2571428571428571,0.21852099455127713,0.3776930688656108,0.18843357755017595,0.7127048568310275,,,0.1671082255859351,0.515414685382071,rojo,ámbar,rojo,0.011249897999732639,1.159187528000075,,,,,0.0,0.1671082255859351
whas500,bootstrap,bootstrap,control,False,,0,{},250,250,5,0.03075,0.04160285545849787,0.0038830892958563318,0.970772323964083,0.7559486207622658,0.7543693409138766,0.17311960992796152,0.17358173462162746,-0.0015792798483891257,1941.1,0.015025781425252965,0.030642808194838944,1235.606769549861,1219.388052260796,-16.218717289064898,1576.0,1576.0,0.942542669921896,0.8912012152936462,0.7072138802712333,100.0,100.0,100.0,0.0,0.3941516444402612,0.0,0.9186396209354928,0.8482633392300511,100.0,100.0,100.0,0.0,0.27509366196693896,0.0,1.0,1.0,0.5,0.0,0.03220675758549554,0.0,0.81576,0.656,0.628,0.56992,0.128,0.20800000000000002,0.7564632029521267,0.8257948856260737,0.46880326406462725,0.6010101374291017,,,0.6117846740535117,0.7624905585610844,rojo,rojo,verde,0.02187460100003591,3.005678008999894,0.6117846740535117,0.569925820859661,,,,
whas500,bootstrap,bootstrap,control,False,,1,{},250,250,5,0.03425,0.0434218628072062,0.0029196882194857036,0.7299220548714259,0.7182840841810646,0.7275418483233759,0.18271563777954947,0.17151108224998518,0.009257764142311276,2033.6,0.020562907287311822,0.05031500108788389,1283.943612360682,1325.78820351259,41.844591151907935,1926.0,inf,0.4967659901264484,0.7388518101307782,0.4021062164216398,100.0,100.0,75.0,1.0,0.9826021432380261,0.0,0.7763940598299353,0.0,87.5,80.0,100.0,1.0,111.25903955919055,0.0,1.0,1.0,0.5,0.0,0.03415554806694607,0.0,0.8344480000000001,0.708,0.66,0.57504,0.216,0.14399999999999996,0.7040482118326918,0.7798991655083407,0.5957803653501141,0.6979704622166416,,,0.7091140540165706,0.8371872822434212,rojo,rojo,ámbar,0.01550318799991146,3.1417262780000783,0.7091140540165706,0.6381323140601518,,,,
whas500,bootstrap,bootstrap,control,False,,2,{},250,250,5,0.03925,0.050614981769471684,0.005858489140836609,1.4646222852091522,0.7540605735727687,0.7803269900830876,0.16758036387739042,0.14556467565106995,0.026266416510318913,1955.8999999999999,0.03296202560773082,0.08946660098258563,1226.6081573651718,1162.5132550523006,-64.09490231287123,1926.0,1579.0,0.37023404675521376,0.6001692277688242,0.2738600865313727,75.0,100.0,75.0,1.0,1.5611938905663685,0.0,0.8588066762713846,0.50994871568042,75.0,75.0,87.5,1.0,5.720688579658964,0.0,1.0,1.0,0.5,0.0,0.033054383343197664,0.0,0.7862560000000001,0.632,0.612,0.492544,0.136,0.07200000000000001,0.7622644354242114,0.8297093638913622,0.5897030902829187,0.7055677109385922,,,0.5358094920334525,0.7041409616854216,rojo,rojo,ámbar,0.01413535400024557,3.0837040370001887,0.4775054174770136,0.5358094920334525,,,,
whas500,bootstrap,bootstrap,control,False,,3,{},250,250,5,0.030000000000000002,0.041384366213962145,0.004384412279713964,1.0961030699284908,0.7613592974417717,0.77374134075165,0.15756541698463708,0.15014218161662882,0.012382043309878354,1978.9999999999998,0.01272713797245026,0.039999999999999813,1244.5230684603775,1264.3294853360449,19.80641687566731,1954.0,1926.0,0.8199418367978326,0.8216890018233632,0.6410712008019905,100.0,100.0,75.0,2.0,0.696786641095306,0.0,0.9010815235262075,0.798367357600313,100.0,100.0,75.0,2.0,0.34602902491998005,0.0,1.0,1.0,0.5,0.0,0.035320604801106534,0.0,0.8469599999999999,0.704,0.644,0.5120640000000001,0.144,0.08000000000000007,0.7725624526731506,0.8355357294853114,0.5909200203027332,0.6961841899610426,,,0.6909122397273467,0.8245110719596902,rojo,rojo,rojo,0.014294969999809837,2.7115141820004283,0.6909122397273467,0.6271049515576417,,,,
whas500,bootstrap,bootstrap,control,False,,4,{},250,250,5,0.036,0.037882001442050374,0.003491828346535818,0.8729570866339544,0.7648864003445677,0.7637557876601702,0.15847525337382068,0.15815592417209584,-0.001130612684397514,2009.0,0.022941797258524365,0.04159328229274517,1259.393696193958,1213.7850225944153,-45.608673599542726,1926.0,1577.0,0.5052845022401865,0.8926428449987712,0.7470715226321017,100.0,100.0,75.0,2.0,0.4177963071541576,0.0,0.9036806186284871,0.7962447269685735,100.0,100.0,87.5,1.0,0.3309149526491876,0.0,1.0,1.0,0.5,0.0,0.03200754574713586,0.0,0.832016,0.716,0.68,0.507456,0.136,0.08800000000000002,0.7801300081294665,0.8453740971013869,0.5670412474503576,0.6799313082086903,,,0.6674334469985169,0.8090229713458233,rojo,rojo,rojo,0.03243421200022567,2.118249621999894,0.6674334469985169,0.5952322217459218,,,,
whas500,bootstrap,bootstrap,control,False,,5,{},250,250,5,0.01999999999999999,0.04589683992754896,0.0013135368254809105,0.32838420637022764,0.7640580943767622,0.7651752939298825,0.16177273372131282,0.15967353059637523,0.001117199553120285,2012.8999999999999,0.010584950199952205,0.036000000000000476,1260.9845782428765,1241.490988980875,-19.49358926200148,1627.0,1624.0,0.8189952494522221,0.7144807946081884,0.5666407595020739,75.0,100.0,100.0,0.0,1.1301579990459931,0.0,0.8826673106884763,0.8459242100509614,100.0,100.0,100.0,0.0,0.477757274911569,0.0,1.0,1.0,0.5,0.0,0.03512399050290538,0.0,0.8507839999999999,0.716,0.664,0.509568,0.04,0.11199999999999999,0.765806826905735,0.8345875982575466,0.5956128141188892,0.7009710385758672,,,0.7448726336381957,0.8561868572629248,rojo,rojo,verde,0.04480988800014529,2.0274502040001607,0.7448726336381957,0.7332129890984088,,,,
whas500,bootstrap,bootstrap,control,False,,6,{},250,250,5,0.0465,0.04045257815887498,0.0063865504276546135,1.5966376069136534,0.7958786731850918,0.7890448404562898,0.1405438853547919,0.1439771626258555,-0.006833832728802003,1993.1,0.08393442406187031,0.11253824280902025,1265.6321749075364,1098.2986458981802,-167.3335290093562,1627.0,1359.0,0.030289668030693155,0.8467777354021164,0.6000535471019848,87.5,100.0,87.5,1.0,0.5971769475116574,0.0,0.8967782409453611,0.7992329694121926,100.0,100.0,100.0,0.0,0.4205650382226443,0.0,1.0,1.0,0.5,0.0,0.030694583345366837,0.0,0.8178559999999999,0.668,0.628,0.559808,0.152,0.12,0.8073918270538685,0.8682460964320836,0.5281654443167156,0.6556309208877062,,,0.5088579913610621,0.7000213853537499,rojo,rojo,ámbar,0.036116051000135485,2.423932865000097,0.5088579913610621,0.5076089924527446,,,,
whas500,bootstrap,bootstrap,control,False,,7,{},250,250,5,0.043500000000000004,0.04413961394666004,0.004946051232822102,1.2365128082055254,0.7774634606317775,0.7841165068887841,0.1634899405712398,0.15960979250778626,0.0066530462570065785,1976.3,0.05908099792379641,0.09623829036271003,1249.0657873103623,1365.9705699938866,116.90478268352422,1624.0,2358.0,0.07712674247405195,0.6443531551208028,0.0,87.5,100.0,87.5,1.0,45.87760876149835,0.0,0.6995995017746768,0.19684388021671284,100.0,100.0,87.5,1.0,9.932489076888265,0.0,1.0,1.0,0.5,0.0,0.03055780163340592,0.0,0.8023359999999999,0.676,0.644,0.586112,0.176,0.192,0.801636933120348,0.8658328898501383,0.5003419172310948,0.6243100449871806,,,0.7382315005793912,0.8518949392755417,rojo,rojo,ámbar,0.017170026000712824,2.3972664560005796,0.5764499322126041,0.7382315005793912,,,,
whas500,bootstrap,bootstrap,control,False,,8,{},250,250,5,0.0375,0.045823576484666645,0.005698329279944816,1.424582319986204,0.7539105997136646,0.7674850204146562,0.1752059802041031,0.1681120519877801,0.013574420700991574,1919.1,0.01153107154195932,0.036000000000000254,1204.0738405591844,1184.9656503835963,-19.108190175588106,1579.0,1579.0,0.7430022824311548,0.8316344129247295,0.5650682384187289,87.5,100.0,87.5,0.0,0.6540703369463657,0.0,0.8858514632941886,0.8107609386619922,100.0,100.0,100.0,0.0,0.460611655986738,0.0,1.0,1.0,0.5,0.0,0.03822787611509454,0.0,0.819744,0.676,0.624,0.503616,0.096,0.055999999999999994,0.7968788898807141,0.8589111451739737,0.5530161220533574,0.6722047486119296,,,0.6930119931966314,0.8189583359175334,rojo,rojo,verde,0.01574026300022524,2.266689611000402,0.6930119931966314,0.5755703224856271,,,,
whas500,bootstrap,bootstrap,control,False,,9,{},250,250,5,0.037750000000000006,0.05021712997069933,0.005715249000296092,1.4288122500740228,0.7741057127602776,0.7864388681260011,0.15552568483114163,0.14503087859639432,0.012333155365723436,2010.6,0.04386820269716598,0.0660419714225029,1265.2350616916185,1176.9762631223166,-88.25879856930192,2160.0,1527.0,0.2798469964440895,0.6713994971191236,0.46554882560337957,100.0,100.0,75.0,1.0,1.2999162574005436,0.0,0.8988651728081507,0.8177233943151485,100.0,100.0,75.0,1.0,0.39181065868486353,0.0,1.0,1.0,0.5,0.0,0.0322924531734424,0.0,0.825008,0.68,0.632,0.569024,0.152,0.128,0.7270660556207806,0.8007908967475545,0.5382019968912574,0.645814611923764,,,0.6406771580813103,0.7814206384817476,rojo,rojo,ámbar,0.015149751999160799,2.0472914369993305,0.5005510969528731,0.6406771580813103,,,,
whas500,cart,cart,estadístico,False,,0,{},250,250,5,0.04775,0.054544750860355165,0.01003159266848003,2.5078981671200076,0.740945462202569,0.7543693409138766,0.18269984286263788,0.17358173462162746,0.01342387871130768,1941.1,0.018609227335361595,0.04181962315815235,1235.606769549861,1202.1997565692338,-33.40701298062709,1576.0,1553.0,0.7411861682587142,0.5724007072666553,0.1649081086702888,75.0,80.0,75.0,2.0,1.648869395378539,0.0,0.7437786687989275,0.29510925963612183,75.0,100.0,62.5,3.0,1.1117572242181417,0.0,0.0,0.648,0.14800000000000002,0.027975369512821428,0.03310850699708545,0.7723892035720512,0.5838079999999999,0.216,0.172,0.541376,0.104,0.128,0.7302177286777433,0.7993728880462229,0.28591664983414244,0.4368366491935336,,,0.2502479662980986,0.45458663671332544,rojo,rojo,rojo,0.12222425199979625,3.7326648210000712,0.2502479662980986,0.05720764119214237,,,,
whas500,cart,cart,estadístico,False,,1,{},250,250,5,0.03325,0.054161226581326966,0.003963132892674303,0.9907832231685757,0.716131115775876,0.7275418483233759,0.18229466624367813,0.17151108224998518,0.011410732547499913,2033.6,0.01828922735054279,0.06441193838412207,1283.943612360682,1317.520614590449,33.577002229767004,1926.0,2353.0,0.5911948865071914,0.6320724739608001,0.18715418185194793,75.0,80.0,62.5,3.0,1.5024259829497626,0.0,0.6168499416038533,0.2784026972948302,87.5,100.0,62.5,3.0,1.5557899760709386,0.0,0.0,0.632,0.132,0.030828642361999663,0.035943477900307434,0.7879684731943366,0.563104,0.18,0.14400000000000002,0.5519999999999999,0.136,0.10400000000000004,0.6978723503253874,0.7743549764055714,0.23910578811339098,0.3932160263230183,,,0.109708173035154,0.3518707963468846,rojo,rojo,rojo,0.0744754869992903,3.024935390999417,0.109708173035154,0.042300749371062075,,,,
whas500,cart,cart,estadístico,False,,2,{},250,250,5,0.030249999999999996,0.05499441815422075,0.003416519863172984,0.854129965793246,0.7679978558027338,0.7803269900830876,0.15371612844361052,0.14556467565106995,0.01232913428035376,1955.8999999999999,0.013887961702707887,0.04399999999999982,1226.6081573651718,1236.2260724544878,9.617915089316057,1926.0,2160.0,0.8868411774976287,0.637244969466276,0.12158910727842184,75.0,100.0,50.0,2.0,1.4729377096151823,0.0,0.6715757276073193,0.2578435214626512,62.5,75.0,50.0,3.0,1.3774457761698549,0.0,0.0,0.608,0.10799999999999998,0.0299245368162136,0.03523990436013455,0.7938841148826339,0.5515840000000001,0.232,0.136,0.47827200000000003,0.088,0.040000000000000036,0.7695917514315268,0.8358695799766772,0.16358622669855274,0.3379512792182563,,,0.10460137033290726,0.36340818948346554,rojo,rojo,rojo,0.09357690199976787,3.928702023000369,0.01472304565456666,0.10460137033290726,,,,
whas500,cart,cart,estadístico,False,,3,{},250,250,5,0.04150000000000001,0.0525217775585294,0.007139605359667115,1.7849013399167788,0.7336497027218677,0.77374134075165,0.1674991902825914,0.15014218161662882,0.04009163802978233,1978.9999999999998,0.054875982839102236,0.0782612126620843,1244.5230684603775,1353.3304826966912,108.80741423631366,1954.0,2358.0,0.18092675678616632,0.7438808574757949,0.2689656538552119,87.5,80.0,50.0,3.0,1.0494707261155058,0.0,0.7865506511812375,0.36162410600979356,87.5,100.0,62.5,3.0,0.8797853557543076,0.0,0.0,0.636,0.136,0.02801177807162352,0.03380899098109301,0.7884472978851831,0.5825279999999999,0.236,0.14,0.490304,0.104,0.04,0.7443988627189566,0.8139051372500365,0.12853384361076492,0.29851320521342367,,,0.2793272376143234,0.46848621929391654,rojo,rojo,rojo,0.07822449099967343,3.6773812319997887,0.2793272376143234,0.1342761481639178,,,,
whas500,cart,cart,estadístico,False,,4,{},250,250,5,0.03649999999999999,0.053473551324748785,0.00474666520155574,1.1866663003889348,0.7598794013136643,0.7637557876601702,0.16206852298342844,0.15815592417209584,0.003876386346505889,2009.0,0.016245490560376608,0.040258488803932346,1259.393696193958,1250.4275905877548,-8.9661056062032,1926.0,1926.0,0.7490260067485419,0.7733927944426199,0.5397038520329849,87.5,100.0,75.0,2.0,0.901289087497062,0.0,0.8130435776379227,0.6361816137584598,87.5,100.0,87.5,1.0,0.7544459786437951,0.0,0.0,0.584,0.08399999999999996,0.0317016977156659,0.03428451583060546,0.7968565016575062,0.564704,0.144,0.11999999999999997,0.464576,0.072,0.008000000000000007,0.747344834130576,0.8171355905540697,0.0816987378277705,0.27487643889513497,,,0.28075921888819216,0.4766575505459024,rojo,rojo,rojo,0.08147943499989196,3.5653877349996037,0.28075921888819216,0.02860382059607102,,,,
whas500,cart,cart,estadístico,False,,5,{},250,250,5,0.0395,0.062291041346168155,0.008384909536893016,2.096227384223254,0.6575517369793052,0.7651752939298825,0.1958722509933498,0.15967353059637523,0.10762355695057724,2012.8999999999999,0.012503790112180365,0.026987720954257832,1260.9845782428765,1260.7498416011545,-0.23473664172206554,1627.0,1627.0,0.8633456596543069,0.5881782509631021,0.07670904721571475,75.0,100.0,87.5,1.0,5.15074073137476,0.0,0.6776646864633725,0.2084329825175888,75.0,100.0,87.5,1.0,2.015784759319673,0.0,0.004,0.564,0.06399999999999995,0.030467082171006056,0.034044019479413275,0.8139513874920723,0.589712,0.22,0.14800000000000002,0.497152,0.048,0.03999999999999998,0.7191062748651982,0.7940666691684919,0.0940808362680856,0.25467507287094415,,,0.20533688687307597,0.42072118280776694,rojo,rojo,rojo,0.11458709399994405,3.92174778000026,0.20533688687307597,0.07050124895177033,,,,
whas500,cart,cart,estadístico,False,,6,{},250,250,5,0.03924999999999999,0.06153046528814319,0.005536147048010875,1.3840367620027187,0.7793723387478316,0.7890448404562898,0.1514181003580623,0.1439771626258555,0.009672501708458126,1993.1,0.034710819758589924,0.07742959804833355,1265.6321749075364,1197.3256719681608,-68.3065029393756,1627.0,1377.0,0.3755848432126886,0.5636470533508907,0.07659509844087428,62.5,60.0,50.0,3.0,1.689806791857779,0.0,0.7182146810370924,0.36971489432075366,100.0,100.0,62.5,3.0,1.2091522286607252,0.0,0.0,0.62,0.12,0.030527098038191314,0.03786312811993321,0.7700603448153485,0.59008,0.204,0.16800000000000004,0.517056,0.168,0.11200000000000002,0.7503458160190666,0.8179882676779131,0.16082811553170512,0.323393577284482,,,0.15205130628742927,0.37358772993831324,rojo,rojo,rojo,0.09479261000069528,3.567542884999966,0.045495527924148946,0.15205130628742927,,,,
whas500,cart,cart,estadístico,False,,7,{},250,250,5,0.037250000000000005,0.05051251636570132,0.005707700118805463,1.4269250297013658,0.7790874325527791,0.7841165068887841,0.1561042109215937,0.15960979250778626,0.005029074336004968,1976.3,0.048951854554041996,0.07486278661550683,1249.0657873103623,1345.99295808189,96.9271707715277,1624.0,2350.0,0.21268555021616958,0.4912709058180529,0.0,75.0,80.0,62.5,3.0,2.2007495832796335,0.0,0.7168601879395664,0.03703961118135843,75.0,100.0,62.5,3.0,1.2159700546482943,0.0,0.0,0.624,0.124,0.02903280391765027,0.03420924902587429,0.779581807730862,0.5674560000000001,0.212,0.14800000000000002,0.565248,0.16,0.12,0.736554522155109,0.8085357027724729,0.2163707372605971,0.37528260231577315,,,0.1690051576428667,0.39226442532075634,rojo,rojo,rojo,0.09686423999937688,3.185271848999946,0.10677952634688505,0.1690051576428667,,,,
whas500,cart,cart,estadístico,False,,8,{},250,250,5,0.03075,0.048721579542157833,0.004074998579339511,1.0187496448348778,0.7640914152394083,0.7674850204146562,0.16754039504174606,0.1681120519877801,0.0033936051752478935,1919.1,0.0179577088653445,0.05632204812039959,1204.0738405591844,1234.8167881657814,30.742947606597,1579.0,1627.0,0.6487108935293033,0.7304978536174254,0.31714328818075876,87.5,100.0,87.5,1.0,1.1357131166403711,0.0,0.8108823857890122,0.4299649681993962,100.0,100.0,87.5,1.0,0.7781137468701271,0.0,0.0,0.664,0.16400000000000003,0.028471800704847894,0.035234716594958276,0.8207057524423227,0.563936,0.22,0.144,0.44332800000000006,0.064,0.03199999999999992,0.7533718085993708,0.8224625471694056,0.23291778905585445,0.3836956723557232,,,0.25951323169010876,0.46052235082776405,rojo,rojo,ámbar,0.0774317900004462,2.6284542760004115,0.19465875992611748,0.25951323169010876,,,,
whas500,cart,cart,estadístico,False,,9,{},250,250,5,0.022750000000000006,0.04963288149450885,0.002787060477030241,0.6967651192575602,0.7605979711692472,0.7864388681260011,0.15906713058377864,0.14503087859639432,0.025840896956753845,2010.6,0.007887170559418259,0.026358611111130137,1265.2350616916185,1270.9778476817023,5.742785990083803,2160.0,2350.0,0.9002516042718254,0.6760896443345944,0.2663008541283823,62.5,66.66666666666666,87.5,1.0,1.331517441505838,0.0,0.800063926168042,0.5699690369501362,87.5,100.0,87.5,1.0,0.8139321192067603,0.0,0.0,0.576,0.07599999999999996,0.030124071950535923,0.0337835153303596,0.8277736324820636,0.588832,0.22,0.14800000000000002,0.6059519999999999,0.136,0.184,0.7677957187171843,0.8334515708941608,0.16375437186923922,0.328987873229661,,,0.04352826828251201,0.3074341816331749,rojo,rojo,ámbar,0.19947550300003059,3.0678247380001267,0.0,0.04352826828251201,,,,
whas500,copula,copula,estadístico,False,,0,{},250,250,5,0.0335,0.06845055831034272,0.0025570789977071603,0.63926974942679,0.7482627921667719,0.7543693409138766,0.17735269391526998,0.17358173462162746,0.006106548747104701,1941.1,0.05290096755215349,0.12990877342762064,1235.606769549861,1300.7036569794068,65.09688742954586,1576.0,1409.0,0.818323678292677,0.7453302506334094,0.44396401051319917,87.5,100.0,75.0,2.0,1.0048220464448865,0.0,0.6276434539856137,0.31244967623398723,75.0,100.0,62.5,3.0,1.5492074906157332,0.0,0.0,0.488,-0.01200000000000001,0.03725227734227664,0.03847277504898282,0.8412105086754256,0.5242559999999999,0.12,0.07200000000000001,0.546816,0.176,0.136,0.05589067310957262,0.13140010698984234,0.08275609115897403,0.22091669201553565,,,0.0,0.19498463768408883,ámbar,verde,rojo,0.03216681999947468,2.235998266999559,0.0,0.0,,,,
whas500,copula,copula,estadístico,False,,1,{},250,250,5,0.034749999999999996,0.06174387920573705,0.0038866769123589214,0.9716692280897303,0.6723182087302869,0.7275418483233759,0.1962478463312493,0.17151108224998518,0.05522363959308896,2033.6,0.013209910604128003,0.045832163704287554,1283.943612360682,1302.0541654036538,18.110553042971787,1926.0,1955.0,0.9987436931505694,0.5175272375813875,0.0,50.0,40.0,50.0,3.0,1.9384558786168302,0.0,0.7079620310039331,0.3712351862170371,75.0,80.0,62.5,3.0,1.2708439909811888,0.0,0.0,0.528,0.028000000000000025,0.03985267441869419,0.04216094317605791,0.8457006829234227,0.5371840000000001,0.128,0.12000000000000005,0.583872,0.12,0.176,0.062174738012111486,0.14095038229578255,0.15264491739499508,0.3073289376218975,,,0.0,0.22059406173137902,rojo,ámbar,rojo,0.03382070499992551,2.1300128689999838,0.0,0.0,,,,
whas500,copula,copula,estadístico,False,,2,{},250,250,5,0.03625,0.06656400877721226,0.005393232634697681,1.3483081586744203,0.7771106941838649,0.7803269900830876,0.16881391734587295,0.14556467565106995,0.0032162958992226764,1955.8999999999999,0.07229395790430654,0.1353656381692352,1226.6081573651718,1291.7634031070402,65.15524574186838,1926.0,1413.0,0.9766817466929869,0.6918351909644715,0.4460037897221262,100.0,100.0,50.0,3.0,1.170030490246996,0.0,0.7262295492152573,0.5176068581329304,87.5,100.0,62.5,3.0,1.1743602739100272,0.0,0.0,0.536,0.03600000000000003,0.03817733471277542,0.03812073373227282,0.8292845024947395,0.499088,0.108,0.043999999999999984,0.48851200000000006,0.112,0.05600000000000002,0.05030160579861534,0.125453114092739,0.0,0.11642116843035528,,,0.0,0.21326170723955112,ámbar,verde,rojo,0.05875730699972337,2.0203375370001595,0.0,0.0,,,,
whas500,copula,copula,estadístico,False,,3,{},250,250,5,0.03275,0.061357336847066485,0.003655063504598064,0.913765876149516,0.7187039764359352,0.77374134075165,0.17644465594985984,0.15014218161662882,0.05503736431571482,1978.9999999999998,0.053331091308262746,0.12573163927089337,1244.5230684603775,1321.1097520309886,76.58668357061106,1954.0,1858.0,0.39792154837874594,0.5624300265518483,0.2661124461392493,50.0,60.0,37.5,4.0,1.807697961660566,0.0,0.6765776377166096,0.36386572541088447,62.5,80.0,50.0,4.0,1.4263770379776939,0.0,0.0,0.566,0.06599999999999995,0.03377084531315941,0.03830087931770966,0.8407609477875055,0.541992,0.136,0.09200000000000003,0.49452799999999997,0.12,0.064,0.12093179304693745,0.19618778306694198,0.019062010064550404,0.20581782362352835,,,0.08228112977636558,0.32893442557071984,rojo,ámbar,rojo,0.03456319699944288,2.561995596000088,0.0,0.08228112977636558,,,,
whas500,copula,copula,estadístico,False,,4,{},250,250,5,0.0325,0.06309956231116416,0.006520695607878113,1.6301739019695283,0.7460428556046086,0.7637557876601702,0.16837414150235747,0.15815592417209584,0.01771293205556157,2009.0,0.029934141981947687,0.09893127348343445,1259.393696193958,1286.3475006180433,26.95380442408532,1926.0,1458.0,0.8979974882637172,0.6565545609901777,0.3818718289554933,75.0,100.0,75.0,2.0,1.3501303307037398,0.0,0.7781128354135651,0.5606569313379566,100.0,100.0,75.0,2.0,0.8772608432747042,0.0,0.0,0.54,0.040000000000000036,0.03752041015059057,0.03614630711991751,0.8359802634150598,0.495552,0.136,0.04400000000000001,0.511936,0.12,0.08799999999999997,0.07695659557532383,0.14949727241371774,0.0,0.11677482331819614,,,0.027056010079360013,0.2799729974119685,ámbar,verde,rojo,0.03516888900048798,2.7645574170001055,0.027056010079360013,0.0,,,,
whas500,copula,copula,estadístico,False,,5,{},250,250,5,0.030999999999999996,0.07590682198222115,0.006374801615466036,1.593700403866509,0.756344097462361,0.7651752939298825,0.16856210500068705,0.15967353059637523,0.008831196467521507,2012.8999999999999,0.03429107095602881,0.09535610504939507,1260.9845782428765,1317.5891197130245,56.60454147014798,1627.0,1855.0,0.6708769869584067,0.7085212794740829,0.3072003649347775,100.0,100.0,62.5,2.0,1.1038260331513157,0.0,0.725474892155225,0.1469980928903683,100.0,100.0,62.5,3.0,1.1450294578802467,0.0,0.0,0.512,0.01200000000000001,0.038994101835144186,0.04153233611995651,0.8554946736440224,0.53928,0.14,0.07600000000000001,0.473408,0.048,0.04800000000000004,0.03934336388569748,0.1152914369113726,0.025226888658311297,0.18757278394111887,,,0.0625516511069481,0.332644221200218,ámbar,verde,rojo,0.0365398970006936,3.034034641999824,0.0625516511069481,0.048449041679064865,,,,
whas500,copula,copula,estadístico,False,,6,{},250,250,5,0.027749999999999997,0.0716416110873086,0.003083938225216477,0.7709845563041192,0.7677548231088682,0.7890448404562898,0.1716411840051542,0.1439771626258555,0.02129001734742153,1993.1,0.05743651485583055,0.12538145889469704,1265.6321749075364,1261.1974338926443,-4.434741014892097,1627.0,1378.0,0.34165219085879345,0.5421364082404267,0.14031009236108247,62.5,60.0,50.0,4.0,1.837839032395178,0.0,0.5992734477780529,0.3123718892607962,87.5,80.0,50.0,4.0,1.6575544037239331,0.0,0.0,0.532,0.03200000000000003,0.04035079194305719,0.04141500891934429,0.8393462982266815,0.51984,0.108,0.051999999999999935,0.5970559999999999,0.24,0.20800000000000007,0.07695659557532383,0.14949727241371774,0.04002538268549248,0.1920333891351345,,,0.03850066628870178,0.2794540431576381,ámbar,verde,rojo,0.12564081999971677,3.3267004950002956,0.01251239831490476,0.03850066628870178,,,,
whas500,copula,copula,estadístico,False,,7,{},250,250,5,0.03575,0.05987540001469513,0.005037321793385445,1.2593304483463612,0.7644192990727644,0.7841165068887841,0.1691762666675463,0.15960979250778626,0.01969720781601969,1976.3,0.03327485132813304,0.08136882197491802,1249.0657873103623,1310.5617090985795,61.495921788217174,1624.0,1936.0,0.6961816124233228,0.45714751216669647,0.0,62.5,80.0,75.0,2.0,2.1143927466567285,0.0,0.6282850502376657,0.07190638383851261,87.5,100.0,50.0,4.0,1.5323321310247913,0.0,0.0,0.48,-0.020000000000000018,0.03728819380160925,0.03864338397088883,0.8538356385520736,0.53216,0.1,0.07999999999999996,0.540864,0.184,0.1120000000000001,0.10699722852083465,0.17468043556711216,0.0,0.0527965439140477,,,0.28943305456506535,0.482233200747044,rojo,ámbar,rojo,0.07331041100042057,3.2125502450007843,0.07414663762574544,0.28943305456506535,,,,
whas500,copula,copula,estadístico,False,,8,{},250,250,5,0.028249999999999997,0.07274016354154943,0.003433136534755865,0.8582841336889662,0.7509411951853227,0.7674850204146562,0.1752074252238757,0.1681120519877801,0.01654382522933351,1919.1,0.04102419298337203,0.09483111420082824,1204.0738405591844,1259.963047307152,55.88920674796759,1579.0,1457.0,0.6012837471875767,0.6752624034471787,0.39822875896171894,87.5,100.0,87.5,1.0,1.3437020578340702,0.0,0.6868308630631283,0.324407349523474,75.0,100.0,75.0,2.0,1.3220973881875688,0.0,0.0,0.562,0.062000000000000055,0.03539570844000759,0.03750259424432387,0.8411730014556595,0.518456,0.132,0.08400000000000002,0.45868799999999993,0.04,0.03200000000000003,0.11833000047801893,0.18820113045144332,0.0,0.16439450560390495,,,0.2859841682577285,0.4775730233941894,ámbar,ámbar,ámbar,0.04860748600003717,3.262482411999372,0.2859841682577285,0.0,,,,
whas500,copula,copula,estadístico,False,,9,{},250,250,5,0.03125,0.058361944689569935,0.0020577230399123642,0.5144307599780911,0.7422851041110518,0.7864388681260011,0.16787881526137885,0.14503087859639432,0.044153764014949304,2010.6,0.049726211416143,0.08370886952646506,1265.2350616916185,1318.4593054371835,53.22424374556499,2160.0,1433.0,0.5633229179983402,0.7025988568926396,0.3859105691836492,87.5,66.66666666666666,50.0,2.0,1.1946059389681447,0.0,0.773731866203223,0.500170999513504,75.0,66.66666666666666,75.0,2.0,1.835486745904965,0.0,0.0,0.584,0.08399999999999996,0.03516655428348024,0.03831387823676359,0.843314203284113,0.586512,0.176,0.15600000000000003,0.550848,0.128,0.14400000000000002,0.048934125200863175,0.11633233893012071,0.05045377731662269,0.21109352610662885,,,0.10535106569577142,0.30135652130312385,rojo,ámbar,rojo,0.034127682999496756,3.504649949999475,0.10535106569577142,0.052001586967035766,,,,
whas500,dpcopula,dpcopula(ε=0.5),privacidad diferencial,True,0.5,0,"{""epsilon"": 0.5}",250,250,5,0.36125,0.1404396984231121,0.2497932345936954,62.44830864842385,0.6426616129711519,0.7543693409138766,0.27756512244073295,0.17358173462162746,0.11170772794272477,1941.1,0.18249851250559487,0.27500043320757944,1235.606769549861,1590.172343534793,354.56557398493214,1576.0,2052.0,5.603430099316352e-06,0.15161056060447303,0.0,50.0,80.0,62.5,2.0,3.1175040370179525,1.0,0.15684646209963557,0.0,50.0,80.0,62.5,2.0,2.977473578327671,1.0,0.0,0.332,-0.16799999999999998,0.16308556309059713,0.15219839148681724,0.9501845059295209,0.525456,0.144,0.064,0.489536,0.048,0.06400000000000006,0.015312315389131878,0.055489590951311354,0.10490577373017415,0.25448924781932025,,,0.057780390107580896,0.3759940024678575,rojo,ámbar,rojo,0.07992559600006643,2.604612911000004,0.0,0.057780390107580896,,,,
whas500,dpcopula,dpcopula(ε=0.5),privacidad diferencial,True,0.5,1,"{""epsilon"": 0.5}",250,250,5,0.40950000000000003,0.15907231719418782,0.2498833329695379,62.47083324238447,0.5884600893481888,0.7275418483233759,0.22767741330872968,0.17151108224998518,0.13908175897518704,2033.6,0.15621064299482673,0.25643919755900235,1283.943612360682,1471.4240000000007,187.48038763931868,1926.0,1619.0,0.9420582283355028,0.22822681393661143,0.0,62.5,40.0,62.5,3.0,2.865128621476838,2.0,0.27214846426897865,0.0,62.5,40.0,50.0,3.0,2.5224701030802357,2.0,0.0,0.64,0.14,0.13659934662067502,0.14288315296574866,0.9021307755963177,0.47368,0.092,0.020000000000000018,0.51488,0.056,0.08000000000000007,0.0,0.03683911828164402,0.0,0.05620024810607793,,,0.0,0.12404988750684401,ámbar,verde,rojo,0.06322525699943071,2.205374183999993,0.0,0.0,,,,
whas500,dpcopula,dpcopula(ε=0.5),privacidad diferencial,True,0.5,2,"{""epsilon"": 0.5}",250,250,5,0.39475,0.15300718100680327,0.249838638922074,62.459659730518496,0.33079603323505763,0.7803269900830876,0.3141632789048324,0.14556467565106995,0.44953095684802996,1955.8999999999999,0.27088328861651695,0.35332483896140254,1226.6081573651718,1756.956360810862,530.3482034456902,1926.0,inf,1.3882823289418688e-15,0.26922453480359143,0.0,37.5,25.0,37.5,4.0,17.24907849020873,3.0,0.2668263973300855,0.0,37.5,25.0,37.5,4.0,7.3880287846447334,3.0,0.0,0.44,-0.06,0.17178327163023802,0.16992966587561784,0.9250103974307569,0.528176,0.152,0.08399999999999999,0.534208,0.144,0.12,0.0,0.03281220581336172,0.04633030213304531,0.2253253043595534,,,0.06454914095784076,0.17339443762048076,ámbar,verde,rojo,0.15858818600008817,2.7281355479999547,0.0,0.06454914095784076,,,,
whas500,dpcopula,dpcopula(ε=0.5),privacidad diferencial,True,0.5,3,"{""epsilon"": 0.5}",250,250,5,0.44099999999999995,0.17186242886112585,0.24981950644443743,62.454876611109356,0.44957181039655264,0.77374134075165,0.24447047419881685,0.15014218161662882,0.3241695303550974,1978.9999999999998,0.1304155837372938,0.21689859413496992,1244.5230684603775,1503.1999999999998,258.6769315396223,1954.0,2008.0,0.0726973377311696,0.05986295750542263,0.0,25.0,20.0,37.5,4.0,3.499014284562811,4.0,0.08076950107220132,0.0,25.0,20.0,37.5,4.0,3.2031673093224997,4.0,0.0,0.108,-0.392,0.190594474620701,0.14864362841210016,0.9450590791971164,0.5249759999999999,0.072,0.07599999999999996,0.5683199999999999,0.152,0.136,0.0053498614260417314,0.06312261288707048,0.0,0.09614434118153725,,,0.026157343189662736,0.13782677413510364,ámbar,verde,rojo,0.06054056299944932,2.2265078310001627,0.0,0.026157343189662736,,,,
whas500,dpcopula,dpcopula(ε=0.5),privacidad diferencial,True,0.5,4,"{""epsilon"": 0.5}",250,250,5,0.32725000000000004,0.16205630809608607,0.24979718426584333,62.44929606646083,0.43560891568859694,0.7637557876601702,0.2736435453043328,0.15815592417209584,0.3281468719715732,2009.0,0.13854180588453746,0.20879526831445028,1259.393696193958,1538.1843154325861,278.7906192386281,1926.0,2189.0,0.0010780930266891986,0.2150526744614356,0.0,37.5,40.0,50.0,4.0,4.720969607750787,0.0,0.24990988832123337,0.0,37.5,40.0,50.0,3.0,4.147147090629186,0.0,0.0,0.452,-0.04799999999999999,0.17467725018922198,0.16330465104383746,0.9417051678248924,0.498432,0.092,0.05599999999999994,0.5083519999999999,0.168,0.09600000000000002,0.010475551849068144,0.06101240179055437,0.0,0.06816976454689629,,,0.16142791920797908,0.3543221639675145,rojo,ámbar,rojo,0.0943881049997799,2.277193236999665,0.16142791920797908,0.027808394275159548,,,,
whas500,dpcopula,dpcopula(ε=0.5),privacidad diferencial,True,0.5,5,"{""epsilon"": 0.5}",250,250,5,0.347,0.15383766572630492,0.24981753025653936,62.45438256413484,0.42453583018566793,0.7651752939298825,0.2727025264931369,0.15967353059637523,0.34063946374421455,2012.8999999999999,0.1732365357867223,0.26675547455634296,1260.9845782428765,1610.3653602604222,349.3807820175457,1627.0,2637.0,3.0472866608602224e-06,0.06513078691791337,0.0,25.0,50.0,12.5,4.0,4.864963957083523,3.0,0.05638962306363324,0.0,25.0,50.0,12.5,4.0,5.387106892856548,3.0,0.0,0.576,0.07599999999999996,0.12327505992622131,0.12055588340964593,0.9246709281459887,0.52208,0.104,0.07999999999999999,0.48742399999999997,0.064,0.04799999999999999,0.0,0.032096383846061186,0.07436415466479272,0.19245614370913133,,,0.15116949613388814,0.44462621874381164,rojo,ámbar,rojo,0.06585213500056852,2.3240723590006382,0.0959425028683229,0.15116949613388814,,,,
whas500,dpcopula,dpcopula(ε=0.5),privacidad diferencial,True,0.5,6,"{""epsilon"": 0.5}",250,250,5,0.33275,0.13895825093134048,0.2498559362006651,62.463984050166275,0.3918414550806918,0.7890448404562898,0.30037349234241945,0.1439771626258555,0.39720338537559796,1993.1,0.21749663407002742,0.2932555593730586,1265.6321749075364,1699.7407461367243,434.1085712291879,1627.0,3019.0,5.76666467668234e-10,0.3705001960451113,0.0,37.5,20.0,50.0,4.0,3.2918675763908696,2.0,0.34634373003017654,0.0,37.5,20.0,25.0,5.0,3.8467183011018027,2.0,0.0,0.5,0.0,0.13966695756148012,0.13907288542457188,0.9494130058690251,0.493344,0.064,0.03200000000000003,0.4477439999999999,0.096,0.02399999999999991,0.02526263931472054,0.06256897746520029,0.01588300837650367,0.1676767133300858,,,0.0,0.2109769225097414,ámbar,verde,rojo,0.1324016529997607,2.5842254299996057,0.0,0.0,,,,
whas500,dpcopula,dpcopula(ε=0.5),privacidad diferencial,True,0.5,7,"{""epsilon"": 0.5}",250,250,5,0.28975,0.13805662113963024,0.23575879831260396,58.939699578150986,0.6084132222746084,0.7841165068887841,0.24849690654386594,0.15960979250778626,0.17570328461417573,1976.3,0.05571460143845276,0.18000000000000027,1249.0657873103623,1226.4095988825961,-22.65618842776621,1624.0,1353.0,0.7227838206382753,0.38172381172629954,0.0,37.5,40.0,62.5,4.0,3.6374183934217887,1.0,0.35072002173144545,0.0,37.5,40.0,62.5,4.0,2.861639340473352,1.0,0.0,0.48,-0.020000000000000018,0.11235540839858493,0.10900751849591447,0.9412669228229038,0.531376,0.136,0.08399999999999996,0.518464,0.12,0.08800000000000002,0.0100542563157119,0.040697519841744634,0.025329163656572607,0.12987431100277208,,,0.21695330026732262,0.4738289307693252,rojo,ámbar,rojo,0.11910001799969905,2.3784288130000277,0.03450633911938584,0.21695330026732262,,,,
whas500,dpcopula,dpcopula(ε=0.5),privacidad diferencial,True,0.5,8,"{""epsilon"": 0.5}",250,250,5,0.334,0.14552984279823827,0.24969352874787806,62.42338218696951,0.3390423670396097,0.7674850204146562,0.35090453195636195,0.1681120519877801,0.42844265337504644,1919.1,0.33419444316152336,0.4564414238172266,1204.0738405591844,1846.0573671733227,641.9835266141383,1579.0,2547.0,1.8612910619916534e-25,0.29473392890779393,0.0,37.5,25.0,37.5,3.0,10.551838494486901,1.0,0.29165669206994316,0.0,37.5,25.0,37.5,3.0,7.890046034136653,1.0,0.0,0.388,-0.11199999999999999,0.14850159685080255,0.1401899111797413,0.9215683598384761,0.515536,0.1,0.07200000000000006,0.469376,0.072,0.03199999999999992,0.0,0.042015050503520765,0.06372644352072844,0.16989196748976293,,,0.04114056488818279,0.29446173938944054,ámbar,verde,rojo,0.0616134530000636,2.48275587200078,0.00781734129104428,0.04114056488818279,,,,
whas500,dpcopula,dpcopula(ε=0.5),privacidad diferencial,True,0.5,9,"{""epsilon"": 0.5}",250,250,5,0.388,0.14464095285149123,0.24982722022374904,62.45680505593726,0.5,0.7864388681260011,0.3221652167380076,0.14503087859639432,0.28643886812600106,2010.6,0.3703924113084818,0.4961511061736833,1265.2350616916185,2010.6,745.3649383083814,2160.0,inf,1.0001862198023114e-36,0.0,0.0,0.0,0.0,0.0,3.0,,8.0,0.0,0.0,0.0,0.0,0.0,3.0,,8.0,0.0,0.576,0.07599999999999996,0.15916077512775517,0.17383169985002891,0.9287243193966397,0.517424,0.092,0.06800000000000006,0.528064,0.112,0.10399999999999998,0.010366952302704348,0.05660477436975638,0.0,0.21001486934628757,,,0.1274564281129375,0.419064772766409,rojo,ámbar,rojo,0.06594808000045305,2.3484990950000793,0.0,0.1274564281129375,,,,
whas500,dpcopula,dpcopula(ε=1),privacidad diferencial,True,1.0,0,"{""epsilon"": 1.0}",250,250,5,0.28425,0.13935194243506688,0.23856841312241084,59.64210328060271,0.5682775321120236,0.7543693409138766,0.25577181569423557,0.17358173462162746,0.18609180880185305,1941.1,0.20014037774735968,0.3010033682310907,1235.606769549861,1624.4525080302483,388.84573848038735,1576.0,2278.0,7.204919070760348e-08,0.2116781971257193,0.0,37.5,60.0,37.5,3.0,7.367648565225272,0.0,0.27368981842595136,0.0,37.5,60.0,62.5,2.0,4.843500105551381,0.0,0.0,0.48,-0.020000000000000018,0.117556079778687,0.11461521511511974,0.9354394979010507,0.5456960000000001,0.18,0.088,0.506944,0.072,0.07200000000000001,0.0,0.03949874445649226,0.11730550949591224,0.23833394020566775,,,0.057780390107580896,0.3759940024678575,rojo,ámbar,rojo,0.07442125500074326,2.915748930000518,0.0,0.057780390107580896,,,,
whas500,dpcopula,dpcopula(ε=1),privacidad diferencial,True,1.0,1,"{""epsilon"": 1.0}",250,250,5,0.31675,0.148348511281519,0.24972648852205503,62.43162213051376,0.6662898971957587,0.7275418483233759,0.2334307455118279,0.17151108224998518,0.061251951127617166,2033.6,0.13162323193560893,0.23085948229166642,1283.943612360682,1446.673772994809,162.73016063412706,1926.0,1624.0,0.941866408817184,0.23144318048859494,0.0,75.0,60.0,75.0,2.0,3.05668672499584,1.0,0.2628863984250716,0.0,75.0,60.0,50.0,3.0,2.9495148058666674,1.0,0.0,0.58,0.07999999999999996,0.13539644844102758,0.1417950164944763,0.9229449782999171,0.47435199999999994,0.08,0.020000000000000018,0.5134080000000001,0.072,0.09600000000000009,0.015390872017949413,0.057980325275975714,0.0,0.09224921410072132,,,0.0,0.15646134550653626,ámbar,verde,rojo,0.06459157199969923,2.4164296809994994,0.0,0.0,,,,
whas500,dpcopula,dpcopula(ε=1),privacidad diferencial,True,1.0,2,"{""epsilon"": 1.0}",250,250,5,0.278,0.14474009926047493,0.24164650588264924,60.41162647066231,0.3648351648351648,0.7803269900830876,0.27251639379490483,0.14556467565106995,0.4154918252479228,1955.8999999999999,0.1705929328202088,0.2458793924533429,1226.6081573651718,1560.6406943252634,334.03253696009165,1926.0,2719.0,1.3374252772576653e-06,0.3397928460466675,0.0,50.0,25.0,37.5,4.0,3.7051676417744845,1.0,0.3998511149128714,0.0,62.5,50.0,50.0,3.0,3.45288854296158,1.0,0.0,0.42,-0.08000000000000002,0.12095596823195724,0.11920826768070306,0.9013822745172889,0.508032,0.104,0.05600000000000005,0.5175040000000001,0.096,0.11199999999999999,0.03572873590797438,0.079813745614645,0.0,0.05192106668508309,,,0.027987542580442577,0.2571770351773905,ámbar,verde,rojo,0.05829178100066201,2.489071164000052,0.0,0.027987542580442577,,,,
whas500,dpcopula,dpcopula(ε=1),privacidad diferencial,True,1.0,3,"{""epsilon"": 1.0}",250,250,5,0.33425000000000005,0.15252542517658493,0.24368292354347848,60.92073088586962,0.4254622811323842,0.77374134075165,0.30477604389094637,0.15014218161662882,0.3482790596192658,1978.9999999999998,0.16252005131102665,0.23546681441355566,1244.5230684603775,1566.7562618613606,322.23319340098305,1954.0,2066.0,0.003484575479971486,0.15323723608201714,0.0,37.5,40.0,37.5,4.0,4.376154465142352,2.0,0.1530377019944234,0.0,37.5,40.0,37.5,4.0,3.909937868803341,2.0,0.0,0.44,-0.06,0.14263685111663338,0.1297455194669099,0.9044546049576403,0.5227040000000001,0.088,0.07600000000000007,0.562432,0.112,0.14400000000000002,0.0,0.016051157027344477,0.0,0.008517207209790989,,,0.0,0.20795616433959596,ámbar,verde,rojo,0.06263351599955058,2.434129880999535,0.0,0.0,,,,
whas500,dpcopula,dpcopula(ε=1),privacidad diferencial,True,1.0,4,"{""epsilon"": 1.0}",250,250,5,0.2575,0.14544932720799691,0.23883463920998976,59.708659802497436,0.40384408312695164,0.7637557876601702,0.28158679123090047,0.15815592417209584,0.3599117045332185,2009.0,0.15819038135524233,0.23855941363696076,1259.393696193958,1577.7627278730629,318.36903167910486,1926.0,2209.0,0.000147470586075516,0.15454580083812028,0.0,37.5,40.0,25.0,5.0,4.903152080540422,0.0,0.18802180648511158,0.0,37.5,40.0,12.5,5.0,4.268624342854009,0.0,0.0,0.48,-0.020000000000000018,0.12641498336715268,0.12741982840559143,0.9416431230645803,0.4876,0.148,0.05600000000000001,0.51744,0.192,0.10400000000000001,0.03572873590797438,0.079813745614645,0.0,0.10345073686405476,,,0.07374574598704,0.27339743461590105,ámbar,verde,rojo,0.13688978800018958,2.7011989180000455,0.07374574598704,0.0,,,,
whas500,dpcopula,dpcopula(ε=1),privacidad diferencial,True,1.0,5,"{""epsilon"": 1.0}",250,250,5,0.29475,0.15565817628438597,0.24024330513791886,60.06082628447972,0.3444166622333351,0.7651752939298825,0.28706025547907754,0.15967353059637523,0.42075863169654737,2012.8999999999999,0.13638140743977745,0.253065674336445,1260.9845782428765,1536.0421982298255,275.057619986949,1627.0,2625.0,0.0001963134658394954,0.09527675300633534,0.0,12.5,25.0,25.0,3.0,4.7891005909225886,2.0,0.052935743485772596,0.0,12.5,25.0,12.5,4.0,5.064103138413638,2.0,0.0,0.48,-0.020000000000000018,0.11660954702318425,0.11025540629580649,0.9262589073253809,0.541888,0.164,0.08800000000000002,0.485888,0.08,0.040000000000000036,0.010366952302704348,0.05660477436975638,0.10564207645772025,0.2067998504076087,,,0.15116949613388814,0.44462621874381164,rojo,ámbar,rojo,0.06529405999935989,2.7207919669999683,0.1102435514519409,0.15116949613388814,,,,
whas500,dpcopula,dpcopula(ε=1),privacidad diferencial,True,1.0,6,"{""epsilon"": 1.0}",250,250,5,0.28425,0.1319311750242456,0.24976207362042607,62.440518405106516,0.48309940598223206,0.7890448404562898,0.2607944799771326,0.1439771626258555,0.3059454344740577,1993.1,0.16461722851062532,0.2592614613463551,1265.6321749075364,1594.2887779507519,328.65660304321545,1627.0,2388.0,6.301399910759992e-06,0.3305341106359845,0.0,62.5,60.0,37.5,4.0,3.08851143776163,2.0,0.36580236247581077,0.0,62.5,60.0,37.5,4.0,2.9679456035187566,2.0,0.0,0.46,-0.03999999999999998,0.13002791439804157,0.1280243365686115,0.9498711265448104,0.508544,0.092,0.051999999999999935,0.48518400000000006,0.12,0.040000000000000036,0.0,0.0467105108143461,0.007303496003172967,0.14262233720928458,,,0.0,0.20093573606212975,ámbar,verde,rojo,0.07576956499997323,2.3662877340002524,0.0,0.0,,,,
whas500,dpcopula,dpcopula(ε=1),privacidad diferencial,True,1.0,7,"{""epsilon"": 1.0}",250,250,5,0.24225000000000002,0.13916119238641542,0.2267745796214505,56.693644905362625,0.7112473152077112,0.7841165068887841,0.19390157976995104,0.15960979250778626,0.07286919168107286,1976.3,0.04450747107886491,0.17135191477029788,1249.0657873103623,1241.0489050174797,-8.016882292882656,1624.0,1353.0,0.9763502257351493,0.4114342348527271,0.0,50.0,60.0,62.5,3.0,2.242837617891752,1.0,0.33749280750262267,0.0,25.0,40.0,62.5,4.0,2.768016476057021,1.0,0.0,0.476,-0.02400000000000002,0.09562215725767326,0.09683039288675964,0.9217085406303009,0.514512,0.12,0.07200000000000006,0.513152,0.096,0.07200000000000001,0.02526263931472054,0.06256897746520029,0.012506196084612141,0.11399477489727522,,,0.21695330026732262,0.4738289307693252,rojo,ámbar,rojo,0.08182627299993328,2.5771230740001556,0.0,0.21695330026732262,,,,
whas500,dpcopula,dpcopula(ε=1),privacidad diferencial,True,1.0,8,"{""epsilon"": 1.0}",250,250,5,0.28700000000000003,0.14793423062955244,0.24404467648342518,61.011169120856295,0.3369213638050798,0.7674850204146562,0.34073817679808427,0.1681120519877801,0.43056365660957635,1919.1,0.31134548704889925,0.41983708619595345,1204.0738405591844,1802.2020428910728,598.1282023318884,1579.0,2389.0,3.730696668640272e-21,0.3411625823250848,0.0,37.5,25.0,25.0,3.0,9.722033045337827,1.0,0.3369683342127223,0.0,37.5,25.0,25.0,3.0,7.4446301519779485,1.0,0.0,0.404,-0.09599999999999997,0.13922983009068035,0.1317286298704215,0.9282765444492347,0.48363200000000006,0.064,0.027999999999999914,0.454848,0.04,0.04800000000000004,0.0,0.01824967646277803,0.0,0.11431295368916523,,,0.0,0.1793427902539661,ámbar,verde,rojo,0.06041727899992111,2.648325191999902,0.0,0.0,,,,
whas500,dpcopula,dpcopula(ε=1),privacidad diferencial,True,1.0,9,"{""epsilon"": 1.0}",250,250,5,0.30125,0.14739191456237583,0.23228943108968433,58.072357772421086,0.31041110517885745,0.7864388681260011,0.3090009282079612,0.14503087859639432,0.4760277629471436,2010.6,0.31904053059874243,0.4247350150703134,1265.2350616916185,1907.2854017261297,642.0503400345112,2160.0,inf,2.391306622553158e-25,0.1712176276291619,0.0,25.0,0.0,50.0,3.0,6.856325232130904,0.0,0.2904216052024765,0.0,37.5,0.0,62.5,3.0,14.99113109833845,0.0,0.0,0.536,0.03600000000000003,0.1353925316611442,0.14290592183890688,0.9383490499436172,0.5136639999999999,0.144,0.06000000000000005,0.51744,0.104,0.08000000000000007,0.03536769504060876,0.07485060919065345,0.10004956867689713,0.2024361597196132,,,0.16149680559688265,0.4237861072484078,rojo,ámbar,rojo,0.06328422100068565,2.6960542189999614,0.0,0.16149680559688265,,,,
whas500,dpcopula,dpcopula(ε=5),privacidad diferencial,True,5.0,0,"{""epsilon"": 5.0}",250,250,5,0.15349999999999997,0.1292468383489302,0.19122898676191163,47.80724669047791,0.6012318382817435,0.7543693409138766,0.2707140433449959,0.17358173462162746,0.1531375026321331,1941.1,0.17797614347977192,0.23350891397754275,1235.606769549861,1581.302501116299,345.6957315664381,1576.0,2256.0,2.161369779950597e-06,0.3254872090418963,0.0,37.5,60.0,50.0,2.0,7.761452027546428,0.0,0.3657860835198065,0.0,37.5,60.0,62.5,2.0,4.848811073436048,0.0,0.0,0.5,0.0,0.09167742336751024,0.09366219420482691,0.9017176016746289,0.534384,0.164,0.11599999999999999,0.486272,0.064,0.04799999999999993,0.020841938295511432,0.07088172553023339,0.10797524648530073,0.2370070205677967,,,0.1301031335210991,0.31450989044268507,rojo,ámbar,rojo,0.0738919329996861,2.8387673179995545,0.037537194944714844,0.1301031335210991,,,,
whas500,dpcopula,dpcopula(ε=5),privacidad diferencial,True,5.0,1,"{""epsilon"": 5.0}",250,250,5,0.151,0.12520713303359718,0.19176368219576664,47.94092054894166,0.6339415469077991,0.7275418483233759,0.22614124551856365,0.17151108224998518,0.09360030141557674,2033.6,0.07092989651474287,0.1426122489704329,1283.943612360682,1425.8945213221077,141.95090896142574,1926.0,1925.0,0.21218461196514823,0.13968985115332316,0.0,75.0,60.0,37.5,3.0,4.570349628855582,1.0,0.15814662063901852,0.0,75.0,60.0,25.0,3.0,3.9741931355334574,1.0,0.0,0.532,0.03200000000000003,0.08805091573067095,0.08691929015332187,0.9042453764861564,0.46128,0.112,0.027999999999999997,0.5236479999999999,0.064,0.09600000000000009,0.040625484294898435,0.08341928362389327,0.0,0.09476155676491431,,,0.044169136963699646,0.31082808753609636,ámbar,verde,rojo,0.09195585599991318,2.770959213000424,0.044169136963699646,0.0,,,,
whas500,dpcopula,dpcopula(ε=5),privacidad diferencial,True,5.0,2,"{""epsilon"": 5.0}",250,250,5,0.14150000000000001,0.1432445546737315,0.16544487399076502,41.361218497691254,0.4614848566068078,0.7803269900830876,0.2627640054523586,0.14556467565106995,0.31884213347627977,1955.8999999999999,0.04989666076132639,0.111639132262489,1226.6081573651718,1321.5390932861424,94.93093592097057,1926.0,1884.0,0.181596525664648,0.2592252161533231,0.0,50.0,25.0,25.0,3.0,3.848244264124506,1.0,0.3555820649853632,0.0,50.0,25.0,37.5,3.0,3.5191063200230994,1.0,0.0,0.516,0.016000000000000014,0.0836099985276645,0.0826047848206887,0.8939681830751447,0.524208,0.148,0.08000000000000007,0.515968,0.088,0.128,0.0,0.026680563361550814,0.060186248115617465,0.19935782975272415,,,0.16868957440484705,0.3678884270406538,rojo,ámbar,rojo,0.11210390599990205,3.125467235000542,0.16868957440484705,0.13841459794463448,,,,
whas500,dpcopula,dpcopula(ε=5),privacidad diferencial,True,5.0,3,"{""epsilon"": 5.0}",250,250,5,0.154,0.13443844118766093,0.16347322373498815,40.86830593374704,0.5306823760432008,0.77374134075165,0.28190398235779457,0.15014218161662882,0.24305896470844923,1978.9999999999998,0.15133769567360766,0.1886474748825412,1244.5230684603775,1544.438888557728,299.91582009735043,1954.0,2153.0,0.00018888437003690135,0.3995800783863474,0.0,50.0,60.0,75.0,2.0,3.7471326502422357,0.0,0.3776503926394939,0.0,62.5,60.0,50.0,4.0,3.8044672096336516,0.0,0.0,0.616,0.11599999999999999,0.09418626925348804,0.09525152574605966,0.910800969846707,0.55808,0.16,0.11199999999999999,0.5244800000000001,0.16,0.08000000000000007,0.026466126907332146,0.08307218724841643,0.026329520767345436,0.139421207957871,,,0.11373881981037263,0.3220718575069686,rojo,ámbar,rojo,0.08142348700039292,2.7889408300006835,0.0,0.11373881981037263,,,,
whas500,dpcopula,dpcopula(ε=5),privacidad diferencial,True,5.0,4,"{""epsilon"": 5.0}",250,250,5,0.1305,0.1412094483062457,0.1325796048299595,33.14490120748987,0.514590287498654,0.7637557876601702,0.25276180493684003,0.15815592417209584,0.24916550016151617,2009.0,0.1278763843051566,0.20395344486555522,1259.393696193958,1516.8976966914083,257.5040004974503,1926.0,1978.0,0.042012876722727244,0.21527944507531724,0.0,37.5,40.0,25.0,4.0,3.938459885766232,0.0,0.22261856003283506,0.0,37.5,40.0,25.0,4.0,4.438698850777357,0.0,0.0,0.524,0.02400000000000002,0.09039628305928228,0.08635430661111457,0.9236678210146398,0.5036959999999999,0.12,0.03999999999999998,0.482496,0.12,0.048000000000000015,0.0,0.053017263671910564,0.0,0.0821656190953815,,,0.224919432539796,0.41659626591730514,rojo,ámbar,rojo,0.06281920499986882,2.8897151250002935,0.224919432539796,0.042300749371062075,,,,
whas500,dpcopula,dpcopula(ε=5),privacidad diferencial,True,5.0,5,"{""epsilon"": 5.0}",250,250,5,0.155,0.13573356542999868,0.15896054858489395,39.74013714622349,0.36521785391285844,0.7651752939298825,0.2720696704105909,0.15967353059637523,0.39995744001702405,2012.8999999999999,0.17905747645210682,0.24953493714818786,1260.9845782428765,1621.9043208804735,360.919742637597,1627.0,2101.0,4.3970728783576524e-05,0.2879262473265813,0.0,50.0,25.0,50.0,4.0,3.586158706597195,0.0,0.20939347107139192,0.0,25.0,25.0,62.5,4.0,4.178385714004973,0.0,0.0,0.544,0.04400000000000004,0.0820593694957008,0.08730871939518305,0.9143867744659961,0.54776,0.18,0.11599999999999999,0.452544,0.064,0.016000000000000014,0.005130290672649804,0.045697408594553554,0.0,0.11673758546663744,,,0.25403189937991805,0.4853684851256269,rojo,ámbar,rojo,0.06505457599996589,2.8848166119996677,0.0,0.25403189937991805,,,,
whas500,dpcopula,dpcopula(ε=5),privacidad diferencial,True,5.0,6,"{""epsilon"": 5.0}",250,250,5,0.165,0.11770689117184926,0.18463698350659014,46.15924587664753,0.6140987225989591,0.7890448404562898,0.25740662190580244,0.1439771626258555,0.1749461178573306,1993.1,0.06684273562095883,0.14546455073308873,1265.6321749075364,1361.4247712199253,95.79259631238892,1627.0,1791.0,0.2620961079328103,0.23461432058697468,0.0,62.5,60.0,25.0,4.0,4.391457902570877,0.0,0.35953346670654573,0.0,50.0,60.0,50.0,4.0,10.625685934151798,0.0,0.0,0.524,0.02400000000000002,0.08902440129906655,0.09159107851852827,0.911419204220374,0.511776,0.076,0.04799999999999999,0.506176,0.112,0.05599999999999994,0.020841938295511432,0.07088172553023339,0.041981313870663825,0.16758861246894202,,,0.0,0.2262275235406005,ámbar,verde,rojo,0.0724689339995166,2.672135621999587,0.0,0.0,,,,
whas500,dpcopula,dpcopula(ε=5),privacidad diferencial,True,5.0,7,"{""epsilon"": 5.0}",250,250,5,0.125,0.13392454629647332,0.12439775810522653,31.099439526306632,0.6654093980826654,0.7841165068887841,0.205189666921708,0.15960979250778626,0.11870710880611868,1976.3,0.0479360465792511,0.13950165121667946,1249.0657873103623,1297.525266505822,48.45947919545961,1624.0,1567.0,0.6044784549387906,0.34609489266905186,0.0,50.0,60.0,62.5,4.0,3.327289504572411,0.0,0.4599518028101377,0.0,50.0,60.0,75.0,3.0,2.7532676657671598,0.0,0.0,0.46,-0.03999999999999998,0.07112349094723702,0.06638589255839863,0.9079402277029835,0.494112,0.12,0.04399999999999993,0.5285120000000001,0.088,0.09599999999999997,0.0,0.03281220581336172,0.06157600897338303,0.20499945641795883,,,0.28159878909464187,0.5148242673271628,rojo,ámbar,rojo,0.06550415699985024,2.4595602930003224,0.0,0.28159878909464187,,,,
whas500,dpcopula,dpcopula(ε=5),privacidad diferencial,True,5.0,8,"{""epsilon"": 5.0}",250,250,5,0.12225,0.13806756205553108,0.14229801810828088,35.57450452707022,0.615621188822313,0.7674850204146562,0.246121412145014,0.1681120519877801,0.15186383159234318,1919.1,0.1588570558847259,0.20094442489780595,1204.0738405591844,1509.5272191058662,305.45337854668173,1579.0,2203.0,6.701593220714554e-05,0.4742573949209548,0.0,75.0,75.0,50.0,2.0,2.2529308506581005,0.0,0.47721947967437106,0.0,75.0,100.0,50.0,2.0,2.4464446672093647,0.0,0.0,0.568,0.06799999999999995,0.08329059992080903,0.08529179395289578,0.9194848571574068,0.533056,0.148,0.07200000000000001,0.481344,0.04,0.05599999999999994,0.042345803051731426,0.10083413594056326,0.089089466949157,0.2095322933669867,,,0.27527276292790864,0.47567208554776363,rojo,ámbar,rojo,0.0642122039998867,2.565772658000242,0.27527276292790864,0.13198310305938163,,,,
whas500,dpcopula,dpcopula(ε=5),privacidad diferencial,True,5.0,9,"{""epsilon"": 5.0}",250,250,5,0.1705,0.1478934246805989,0.16722202557845645,41.80550639461411,0.5340096102509343,0.7864388681260011,0.2367065520222839,0.14503087859639432,0.25242925787506676,2010.6,0.19219446003212595,0.26984854552080995,1265.2350616916185,1652.217412719135,386.9823510275164,2160.0,2949.0,1.7204816685061725e-07,0.2812053804827673,0.0,50.0,33.33333333333333,0.0,3.0,3.7854414038819866,0.0,0.27159955371167277,0.0,50.0,33.33333333333333,12.5,3.0,3.8198368193089864,0.0,0.0,0.496,-0.0040000000000000036,0.09903788283658947,0.10169266014898615,0.9325210862529336,0.528928,0.092,0.11200000000000004,0.503296,0.088,0.04800000000000004,0.010420969147755716,0.05884506891619988,0.0,0.12606905268137586,,,0.05006614621553596,0.34053809540742547,ámbar,verde,rojo,0.06456132799939951,2.4985207169993373,0.0,0.05006614621553596,,,,
whas500,dpcopula,dpcopula(ε=10),privacidad diferencial,True,10.0,0,"{""epsilon"": 10.0}",250,250,5,0.10475000000000001,0.12488689333040982,0.13556526984534323,33.89131746133581,0.6765634870499052,0.7543693409138766,0.23369045814572104,0.17358173462162746,0.07780585386397143,1941.1,0.13745288555506152,0.21790486346175325,1235.606769549861,1502.6485497503108,267.0417802004499,1576.0,2063.0,0.0006899903417119347,0.5266185007628889,0.0,62.5,80.0,75.0,2.0,2.765609660806778,0.0,0.5119853706035973,0.0,50.0,60.0,75.0,2.0,3.6457684570165827,0.0,0.0,0.512,0.01200000000000001,0.07095960483418079,0.0722649579092369,0.8910460756650006,0.529936,0.124,0.10399999999999998,0.48755200000000004,0.104,0.03200000000000003,0.0,0.03611907645462353,0.1508885795767853,0.2948135147745865,,,0.06599155152969094,0.27437384154654765,rojo,ámbar,rojo,0.11233409500073321,2.734220182000172,0.0,0.06599155152969094,,,,
whas500,dpcopula,dpcopula(ε=10),privacidad diferencial,True,10.0,1,"{""epsilon"": 10.0}",250,250,5,0.09425,0.11713566604570524,0.1338284229721613,33.45710574304032,0.6176866354486248,0.7275418483233759,0.20489151518694526,0.17151108224998518,0.10985521287475108,2033.6,0.06381285403394517,0.10686875722796763,1283.943612360682,1303.1542599974214,19.210647636739395,1926.0,1402.0,0.9581703872908135,0.26107266914941707,0.0,75.0,60.0,50.0,2.0,8.638110336424694,0.0,0.29711069172682025,0.0,75.0,60.0,37.5,2.0,8.474059991057787,0.0,0.0,0.496,-0.0040000000000000036,0.0698150192099031,0.06528163414208238,0.9012912904709184,0.474048,0.092,0.024,0.5253760000000001,0.08,0.10399999999999998,0.020841938295511432,0.07088172553023339,0.0,0.07179461240397073,,,0.03707331881287272,0.2710111616721289,ámbar,verde,rojo,0.05940753600043536,2.5903927560002558,0.03707331881287272,0.0,,,,
whas500,dpcopula,dpcopula(ε=10),privacidad diferencial,True,10.0,2,"{""epsilon"": 10.0}",250,250,5,0.09475,0.13536402597403766,0.09685174550753081,24.212936376882702,0.5768426695255964,0.7803269900830876,0.21674419983228338,0.14556467565106995,0.20348432055749122,1955.8999999999999,0.048434601703746825,0.1253937822774197,1226.6081573651718,1315.7534552067573,89.14529784158549,1926.0,1819.0,0.32301100676584293,0.5155667161272152,0.0,50.0,50.0,87.5,2.0,2.2959676012410104,0.0,0.4938468749711686,0.0,37.5,25.0,75.0,3.0,10.677119669854887,0.0,0.0,0.52,0.020000000000000018,0.06612229728463186,0.06541337294497121,0.8490288345473784,0.52616,0.16,0.092,0.540864,0.12,0.136,0.016049584278125195,0.07508915453643089,0.12221135699489519,0.26115688386569724,,,0.1251239831490493,0.3485382093146957,rojo,ámbar,rojo,0.05749991499942553,2.6891905369993765,0.011373881981037108,0.1251239831490493,,,,
whas500,dpcopula,dpcopula(ε=10),privacidad diferencial,True,10.0,3,"{""epsilon"": 10.0}",250,250,5,0.10400000000000001,0.13180309774252782,0.09870848621626624,24.67712155406656,0.6337206131020564,0.77374134075165,0.21036586436849958,0.15014218161662882,0.1400207276495936,1978.9999999999998,0.04696092381487922,0.11536766615505711,1244.5230684603775,1331.740217834433,87.21714937405545,1954.0,1954.0,0.4283535839994973,0.48325145251929674,0.0,50.0,60.0,87.5,2.0,2.337314304351302,0.0,0.504843063041851,0.0,62.5,60.0,75.0,2.0,2.3221441766559434,0.0,0.0,0.58,0.07999999999999996,0.07391192919025011,0.07670172693220242,0.893984207599209,0.5274080000000001,0.14,0.08399999999999996,0.548992,0.112,0.11200000000000004,0.0,0.07152350893625255,0.0,0.10870828162093785,,,0.08758678820433445,0.31654699336804265,ámbar,verde,rojo,0.05691163299979962,2.444597303999217,0.08758678820433445,0.0,,,,
whas500,dpcopula,dpcopula(ε=10),privacidad diferencial,True,10.0,4,"{""epsilon"": 10.0}",250,250,5,0.0925,0.13198322757749986,0.08107008527213605,20.267521318034014,0.5717669861096156,0.7637557876601702,0.24025977851330488,0.15815592417209584,0.19198880155055453,2009.0,0.11001382089577927,0.19711627979160762,1259.393696193958,1471.291308375946,211.89761218198805,1926.0,1899.0,0.2735218190995966,0.26632829304194844,0.0,62.5,80.0,37.5,3.0,3.864188410312588,0.0,0.2577121760087303,0.0,37.5,40.0,25.0,4.0,5.335840457286104,0.0,0.0,0.52,0.020000000000000018,0.06996321239529393,0.0672478480910886,0.873614644597724,0.48948800000000003,0.108,0.036000000000000004,0.479488,0.096,0.04000000000000001,0.0,0.018479831312269976,0.0,0.11854804586855741,,,0.0,0.2071061782815955,ámbar,verde,rojo,0.05885477100036951,2.290375884000241,0.0,0.0,,,,
whas500,dpcopula,dpcopula(ε=10),privacidad diferencial,True,10.0,5,"{""epsilon"": 10.0}",250,250,5,0.0995,0.11411094126719079,0.10160972694669215,25.402431736673037,0.4421982231207108,0.7651752939298825,0.26790283556848393,0.15967353059637523,0.3229770708091717,2012.8999999999999,0.14288266496226446,0.23737939361299754,1260.9845782428765,1549.3165991483716,288.332020905495,1627.0,2047.0,0.0031767123661039136,0.3137533002034131,0.0,37.5,25.0,62.5,3.0,3.773143393035621,0.0,0.31122397796426376,0.0,25.0,25.0,62.5,3.0,3.8596164428297266,0.0,0.0,0.52,0.020000000000000018,0.06484999811238781,0.06684073745635329,0.8782852282853377,0.564272,0.136,0.12400000000000003,0.44979199999999997,0.088,0.040000000000000036,0.026466126907332146,0.08307218724841643,0.041689616392179295,0.16589347348841935,,,0.013904197137579618,0.2743439121171785,ámbar,verde,rojo,0.06249644800027454,2.1577853910002887,0.0,0.013904197137579618,,,,
whas500,dpcopula,dpcopula(ε=10),privacidad diferencial,True,10.0,6,"{""epsilon"": 10.0}",250,250,5,0.097,0.10930889901006084,0.10919679835359576,27.29919958839894,0.6100509909057457,0.7890448404562898,0.2160052290573011,0.1439771626258555,0.1789938495505441,1993.1,0.06243913696777609,0.14951439215951468,1265.6321749075364,1357.3875131052414,91.75533819770499,1627.0,1699.0,0.31203325666086695,0.2852652168764574,0.0,62.5,60.0,25.0,4.0,3.253217408275909,0.0,0.27369381895030637,0.0,62.5,60.0,12.5,4.0,3.109370125866814,0.0,0.0,0.62,0.12,0.07199195178704787,0.07999079855701124,0.8830161194867409,0.536512,0.14,0.08400000000000007,0.535296,0.064,0.11199999999999999,0.035912034708548625,0.08215662812207603,0.0,0.14510542575297797,,,0.025341884381238404,0.29022228196934147,ámbar,verde,rojo,0.07287784300024214,2.3269966010002463,0.025341884381238404,0.0,,,,
whas500,dpcopula,dpcopula(ε=10),privacidad diferencial,True,10.0,7,"{""epsilon"": 10.0}",250,250,5,0.08675,0.12062942084261465,0.07280154157474966,18.200385393687416,0.7378071140447378,0.7841165068887841,0.17748567896177356,0.15960979250778626,0.04630939284404634,1976.3,0.04522030936374589,0.10986839492663569,1249.0657873103623,1235.817347650873,-13.24843965948935,1624.0,1433.0,0.7008547182669751,0.4900631598918347,0.0,50.0,60.0,87.5,2.0,2.392982445227662,0.0,0.42925995500697767,0.0,62.5,60.0,75.0,3.0,2.7278348258729723,0.0,0.0,0.444,-0.055999999999999994,0.05833187709526218,0.05768816667328505,0.8749343238978671,0.489904,0.076,0.051999999999999935,0.533632,0.08,0.08800000000000002,0.0,0.002831963389096949,0.0,0.13108269402478706,,,0.2256039966456645,0.45281519520860125,rojo,ámbar,rojo,0.0556972489994223,2.3516662969996105,0.0,0.2256039966456645,,,,
whas500,dpcopula,dpcopula(ε=10),privacidad diferencial,True,10.0,8,"{""epsilon"": 10.0}",250,250,5,0.09125,0.12919683886855204,0.08241065165054978,20.602662912637445,0.7375788748077841,0.7674850204146562,0.1921194957819686,0.1681120519877801,0.029906145606872103,1919.1,0.1806906124797191,0.23313655310929177,1204.0738405591844,1551.3195014277294,347.245660868545,1579.0,2303.0,3.8093529591334132e-06,0.5510497184659781,0.0,100.0,100.0,62.5,2.0,1.8980886428901311,0.0,0.580583726119374,0.0,100.0,100.0,62.5,2.0,1.7762400240543044,0.0,0.0,0.564,0.06399999999999995,0.06501173373047628,0.0644975358739107,0.8884487600052452,0.5174559999999999,0.148,0.09199999999999997,0.43456,0.024,0.03200000000000003,0.03175935228879857,0.08900842459371222,0.0634156830886738,0.18986815056082496,,,0.042905730894106694,0.3041027757104025,ámbar,verde,rojo,0.12628578299973015,2.0144171649999407,0.013528005039679854,0.042905730894106694,,,,
whas500,dpcopula,dpcopula(ε=10),privacidad diferencial,True,10.0,9,"{""epsilon"": 10.0}",250,250,5,0.10500000000000001,0.14404422209247195,0.09102481861605946,22.756204654014866,0.6180993059263215,0.7864388681260011,0.21636542241372092,0.14503087859639432,0.1683395621996796,2010.6,0.10041816611580398,0.16543362986327015,1265.2350616916185,1467.5610429999385,202.32598130832002,2160.0,2155.0,0.008730193485158152,0.3450456728489496,0.0,62.5,66.66666666666666,12.5,3.0,3.00421892379928,0.0,0.32927928789173555,0.0,62.5,66.66666666666666,12.5,3.0,3.007416016736914,0.0,0.0,0.524,0.02400000000000002,0.07717579741244812,0.07941928819361468,0.9063161056146771,0.50736,0.104,0.068,0.5244800000000001,0.168,0.096,0.0,0.02267697059426573,0.04319009859412028,0.17443889272986152,,,0.0,0.25121003994213253,ámbar,verde,rojo,0.06275990799986175,2.111388338999859,0.0,0.0,,,,
whas500,marginal,marginal,control,False,,0,{},250,250,5,0.03475,0.10408092854316539,0.005219176094608626,1.3047940236521565,0.399557801642451,0.7543693409138766,0.23894542733000995,0.17358173462162746,0.3548115392714256,1941.1,0.052121114636910555,0.1512858240753473,1235.606769549861,1299.6127297898124,64.00596023995149,1576.0,1415.0,0.36845886578030007,0.34759737060135776,0.0,50.0,60.0,37.5,5.0,3.060447932115129,0.0,0.38424120038969156,0.0,37.5,40.0,37.5,5.0,2.972110652807638,0.0,0.0,0.532,0.03200000000000003,0.045598609332515014,0.04592395192706463,0.830552214248184,0.535488,0.112,0.09600000000000003,0.547328,0.12,0.13600000000000007,0.054968996839517024,0.12593960388049846,0.05150060649591483,0.18674204084092494,,,0.0,0.2592730015877224,ámbar,verde,rojo,0.05348435699943366,2.336521446999541,0.0,0.0,,,,
whas500,marginal,marginal,control,False,,1,{},250,250,5,0.027750000000000004,0.10258208806761715,0.0030038307929011747,0.7509576982252937,0.43581462942031324,0.7275418483233759,0.2191429101106642,0.17151108224998518,0.29172721890306264,2033.6,0.06086074002183399,0.11863993987267302,1283.943612360682,1330.8075174377755,46.86390507709348,1926.0,1474.0,0.70720170491964,0.4896964973161191,0.0,87.5,80.0,37.5,5.0,2.423925360276809,0.0,0.4418841235986885,0.0,25.0,20.0,37.5,5.0,2.7645378133191976,0.0,0.0,0.5,0.0,0.046600797760312625,0.04550713658603817,0.8453331932131598,0.497008,0.124,0.04800000000000001,0.553536,0.072,0.12800000000000006,0.10757272770728994,0.1766755822667141,0.12086967389477049,0.2368106921607419,,,0.05686940990518632,0.2725564807067194,rojo,ámbar,rojo,0.020880236999801127,2.411329420999209,0.0,0.05686940990518632,,,,
whas500,marginal,marginal,control,False,,2,{},250,250,5,0.03325,0.11161421213134816,0.003766227428967387,0.9415568572418467,0.42841061377646744,0.7803269900830876,0.22637571069621265,0.14556467565106995,0.35191637630662015,1955.8999999999999,0.07169547224587718,0.15152964666342278,1226.6081573651718,1262.8850976172853,36.27694025211349,1926.0,1421.0,0.5936622909895855,0.4116731147212932,0.0,50.0,25.0,50.0,4.0,2.561538311902468,0.0,0.45180327903059014,0.0,75.0,50.0,50.0,4.0,2.491554550213509,0.0,0.0,0.532,0.03200000000000003,0.046847162357817745,0.04766757272706877,0.8601088976177406,0.530672,0.104,0.11199999999999999,0.5072639999999999,0.128,0.064,0.07225404233633784,0.14734384285289237,0.09494544804124883,0.22712583729702499,,,0.044483624924195886,0.25754489875397385,ámbar,verde,rojo,0.02776814800017746,2.2301435580002362,0.044483624924195886,0.0,,,,
whas500,marginal,marginal,control,False,,3,{},250,250,5,0.031999999999999994,0.1137632873116378,0.003220623236250944,0.805155809062736,0.4478263241149839,0.77374134075165,0.23357211063827646,0.15014218161662882,0.3259150166366661,1978.9999999999998,0.05831492386973966,0.16680143947330867,1244.5230684603775,1237.9728659273137,-6.550202533063839,1954.0,1347.0,0.20474008450642298,0.4246662831754361,0.0,50.0,60.0,37.5,4.0,2.336177217422571,0.0,0.44992392024683925,0.0,50.0,60.0,37.5,5.0,2.3499137055557933,0.0,0.0,0.548,0.04800000000000004,0.04590216986303533,0.04891477852852631,0.845696445640725,0.525056,0.132,0.07199999999999995,0.48422400000000004,0.12,0.05600000000000005,0.03847829778766193,0.10817079242326236,0.04897819951577445,0.1744181253545209,,,0.1301031335210991,0.31450989044268507,rojo,ámbar,rojo,0.020822039000449877,2.352137546999984,0.1301031335210991,0.0,,,,
whas500,marginal,marginal,control,False,,4,{},250,250,5,0.0365,0.11460039861174141,0.00629836693781227,1.5745917344530675,0.35178206094540754,0.7637557876601702,0.2355526063490645,0.15815592417209584,0.4119737267147626,2009.0,0.0732276237022967,0.16792252106746586,1259.393696193958,1345.4985831963113,86.10488700235328,1926.0,1455.0,0.9798719760360001,0.37832245873589443,0.0,50.0,40.0,37.5,5.0,2.7350133506456293,0.0,0.37232812396023296,0.0,37.5,20.0,37.5,5.0,2.746029379125707,0.0,0.0,0.456,-0.043999999999999984,0.04887631828160728,0.04818710109964908,0.8824684964126832,0.474656,0.108,0.01200000000000001,0.466816,0.12,0.055999999999999994,0.062174738012111486,0.14095038229578255,0.0,0.0760247503635583,,,0.0,0.17802381333573894,ámbar,verde,rojo,0.024714361999940593,2.262302051000006,0.0,0.0,,,,
whas500,marginal,marginal,control,False,,5,{},250,250,5,0.040249999999999994,0.10725585993830575,0.0058926566777551,1.473164169438775,0.5734957706016918,0.7651752939298825,0.2170901774859549,0.15967353059637523,0.19167952332819072,2012.8999999999999,0.058178241893575205,0.13609582443122803,1260.9845782428765,1317.1015726193273,56.11699437645075,1627.0,1445.0,0.8436035655399454,0.42130963257601706,0.0,75.0,75.0,50.0,4.0,2.2274126695077174,0.0,0.42384978467144196,0.0,37.5,50.0,50.0,4.0,2.3785595293926667,0.0,0.0,0.468,-0.03199999999999997,0.045488893309380295,0.04804629089622185,0.8762693493506057,0.53288,0.096,0.10399999999999998,0.480128,0.072,0.02400000000000002,0.06147974042052986,0.13733855552083785,0.0,0.05344047376511997,,,0.09599465140575994,0.34040731918804307,ámbar,verde,rojo,0.0214523669992559,2.3130546789998334,0.0,0.09599465140575994,,,,
whas500,marginal,marginal,control,False,,6,{},250,250,5,0.038500000000000006,0.10065689659171917,0.005755998652272054,1.4389996630680135,0.6512642590548283,0.7890448404562898,0.21951072109850636,0.1439771626258555,0.13778058140146143,1993.1,0.0883654994454435,0.14954569590427513,1265.6321749075364,1414.8705583244364,149.23838341689998,1627.0,1608.0,0.4332267224669023,0.45025200375700397,0.0,50.0,40.0,37.5,5.0,2.655083384021582,0.0,0.49586036697171654,0.0,50.0,40.0,37.5,5.0,2.4223221952182064,0.0,0.0,0.644,0.14400000000000002,0.041311189526400324,0.04726145657952969,0.8548308240992369,0.543024,0.156,0.10400000000000004,0.6176,0.224,0.24000000000000005,0.09681545493656095,0.16511181077522702,0.0,0.1129078510894996,,,0.10584991139318135,0.2860435488421887,rojo,ámbar,rojo,0.027500273999976343,2.4935383029996956,0.0,0.10584991139318135,,,,
whas500,marginal,marginal,control,False,,7,{},250,250,5,0.040249999999999994,0.10067074168513557,0.006772550097602912,1.693137524400728,0.41977054848341977,0.7841165068887841,0.23915538749054369,0.15960979250778626,0.3643459584053643,1976.3,0.05655005511037259,0.14308092119698124,1249.0657873103623,1303.0863950391356,54.02060772877326,1624.0,1397.0,0.74762591636258,0.32548181417020894,0.0,50.0,60.0,37.5,5.0,2.936399072973681,0.0,0.38283906997602335,0.0,37.5,20.0,37.5,5.0,2.793166810228223,0.0,0.0,0.552,0.052000000000000046,0.04857954929916376,0.04841300650666183,0.8577531051575743,0.507584,0.08,0.04400000000000004,0.505664,0.136,0.07200000000000006,0.09733900605625033,0.1670765229242207,0.11117639272745912,0.24534114314017502,,,0.08006346678221483,0.26980464849857627,rojo,ámbar,rojo,0.02207840099981695,2.380084542000077,0.08006346678221483,0.0,,,,
whas500,marginal,marginal,control,False,,8,{},250,250,5,0.0345,0.10674034732704284,0.003528051617646444,0.882012904411611,0.4715520441168673,0.7674850204146562,0.2576187769430065,0.1681120519877801,0.29593297629778886,1919.1,0.09381292891782694,0.1791545735650225,1204.0738405591844,1259.8812830454358,55.807442486251375,1579.0,1353.0,0.6987177251294743,0.4250267953589581,0.0,50.0,75.0,62.5,3.0,2.6014858432564574,0.0,0.4551151854115559,0.0,50.0,50.0,50.0,4.0,2.535248397663307,0.0,0.0,0.54,0.040000000000000036,0.041972497892160246,0.044503628479628486,0.8451995976725295,0.5035839999999999,0.036,0.06799999999999995,0.509376,0.16,0.08000000000000002,0.07294678403429003,0.12987123748823232,0.0,0.1404122604117622,,,0.0,0.24114429750192817,ámbar,verde,rojo,0.023145783000472875,2.1178275379998013,0.0,0.0,,,,
whas500,marginal,marginal,control,False,,9,{},250,250,5,0.03275,0.10823987098282088,0.004059661579697918,1.0149153949244796,0.4534436732514682,0.7864388681260011,0.22569122013690396,0.14503087859639432,0.33299519487453283,2010.6,0.10671403808102004,0.16488866673831648,1265.2350616916185,1347.8761564761894,82.6410947845709,2160.0,1367.0,0.6824332507680974,0.45159957121707667,0.0,50.0,66.66666666666666,62.5,3.0,2.3727477074236707,0.0,0.4770992521057654,0.0,37.5,33.33333333333333,62.5,3.0,2.339755218265114,0.0,0.0,0.532,0.03200000000000003,0.04274140663830765,0.04200576627362433,0.8769671231640557,0.5192479999999999,0.152,0.064,0.5315840000000001,0.104,0.08800000000000008,0.060135338599725564,0.1299856783815298,0.0,0.143561186167828,,,0.0,0.18987491378339882,ámbar,verde,rojo,0.022488343000077293,2.4733411079996586,0.0,0.0,,,,
